Id,Clean_Status__c,Delete_Reason__c
0033j00003gTsH2AAK,Review,"Potential Account Match: Bell Partners"
0033j00003gU08MAAS,Review,"Potential Account Match: Bell Partners"
0033j00003gTrB8AAK,Review,"Potential Account Match: Bell Partners"
0033j00003gTvZaAAK,Review,"Potential Account Match: Bell Partners"
0033j00003gUJxzAAG,Review,"Potential Account Match: Bell Partners"
0033j00003gTrdQAAS,Review,"Potential Account Match: Bell Partners"
0033j00003gTyQkAAK,Review,"Potential Account Match: Bell Partners"
0033j00003gTqF8AAK,Review,"Potential Account Match: Bell Partners"
0033j00003gTrSfAAK,Review,"Potential Account Match: Bell Partners"
0033j00003gTsHSAA0,Review,"Potential Account Match: Bell Partners"
0033j00003gTs0cAAC,Review,"Potential Account Match: Bell Partners"
0033j00003gUPIoAAO,Review,"Potential Account Match: Bell Partners"
0033j00003gTzrGAAS,Review,"Potential Account Match: Bell Partners"
0033j00003gTqlmAAC,Review,"Potential Account Match: Bell Partners"
0033j00003gUPNCAA4,Review,"Potential Account Match: Bell Partners"
0033j00003gTnsKAAS,Review,"Potential Account Match: Bell Partners"
0033j00003gUPVrAAO,Review,"Potential Account Match: Bell Partners"
0033j00003gTrXwAAK,Review,"Potential Account Match: Bell Partners"
0033j00003gTqWsAAK,Review,"Potential Account Match: Bell Partners"
0033j00003gTnKkAAK,Review,"Potential Account Match: Bell Partners"
0033j00003gTsMOAA0,Review,"Potential Account Match: Aspen Square Management (HQ)"
0033j00003gUOnqAAG,Review,"Potential Account Match: Aspen Square Management (HQ)"
0033j00003gUPP4AAO,Review,"Potential Account Match: Aspen Square Management (HQ)"
0033j00003gTxQgAAK,Review,"Potential Account Match: Aspen Square Management (HQ)"
0033j00003gTwV4AAK,Review,"Potential Account Match: Aspen Square Management (HQ)"
0033j00003gTntpAAC,Review,"Potential Account Match: Aspen Square Management (HQ)"
0033j00003gUKKfAAO,Review,"Potential Account Match: Aspen Square Management (HQ)"
0032A00002dUDCzQAO,Review,"Potential Account Match: SC Rentals (HQ)"
0032A00002dUDD0QAO,Review,"Potential Account Match: SC Rentals (HQ)"
0033j000041AH67AAG,Review,"Potential Account Match: FPI Management (HQ)"
0033j000041AH21AAG,Review,"Potential Account Match: FPI Management (HQ)"
0033j000041AHIRAA4,Review,"Potential Account Match: FPI Management (HQ)"
0033j000041AHAhAAO,Review,"Potential Account Match: FPI Management (HQ)"
0033j000041AHE0AAO,Review,"Potential Account Match: FPI Management (HQ)"
0033j000041AH9fAAG,Review,"Potential Account Match: FPI Management (HQ)"
0033j000041AHJ0AAO,Review,"Potential Account Match: FPI Management (HQ)"
0033j000041AH95AAG,Review,"Potential Account Match: FPI Management (HQ)"
0033j000041AH8bAAG,Review,"Potential Account Match: FPI Management (HQ)"
0033j000041AH8gAAG,Review,"Potential Account Match: FPI Management (HQ)"
0033j000041AHAwAAO,Review,"Potential Account Match: FPI Management (HQ)"
0033j000041AHBuAAO,Review,"Potential Account Match: FPI Management (HQ)"
0033j000041AHEjAAO,Review,"Potential Account Match: FPI Management (HQ)"
0033j000041AHEyAAO,Review,"Potential Account Match: FPI Management (HQ)"
0033j000041AHHJAA4,Review,"Potential Account Match: FPI Management (HQ)"
0033j000041AH96AAG,Review,"Potential Account Match: FPI Management (HQ)"
0033j000041AHFSAA4,Review,"Potential Account Match: FPI Management (HQ)"
0033j000041AHFmAAO,Review,"Potential Account Match: FPI Management (HQ)"
0033j000041AHHsAAO,Review,"Potential Account Match: FPI Management (HQ)"
0033j000041AH6RAAW,Review,"Potential Account Match: FPI Management (HQ)"
0033j000041AH9zAAG,Review,"Potential Account Match: FPI Management (HQ)"
0033j000041AHF3AAO,Review,"Potential Account Match: FPI Management (HQ)"
0033j000041AHFNAA4,Review,"Potential Account Match: FPI Management (HQ)"
0033j000041AHI7AAO,Review,"Potential Account Match: FPI Management (HQ)"
0033j000041AH22AAG,Review,"Potential Account Match: FPI Management (HQ)"
0033j000041AH6fAAG,Review,"Potential Account Match: FPI Management (HQ)"
0033j000041AHEKAA4,Review,"Potential Account Match: FPI Management (HQ)"
0033j000041AHAJAA4,Review,"Potential Account Match: FPI Management (HQ)"
0033j000041AH7nAAG,Review,"Potential Account Match: FPI Management (HQ)"
0033j000041AH8CAAW,Review,"Potential Account Match: FPI Management (HQ)"
0033j000041AH9LAAW,Review,"Potential Account Match: FPI Management (HQ)"
0033j000041AHCnAAO,Review,"Potential Account Match: FPI Management (HQ)"
0033j000041AHCiAAO,Review,"Potential Account Match: FPI Management (HQ)"
0033j000041AHDMAA4,Review,"Potential Account Match: FPI Management (HQ)"
0033j000041AHEoAAO,Review,"Potential Account Match: FPI Management (HQ)"
0033j000041AHGpAAO,Review,"Potential Account Match: FPI Management (HQ)"
0033j000041AH6LAAW,Review,"Potential Account Match: FPI Management (HQ)"
0033j000041AH9tAAG,Review,"Potential Account Match: FPI Management (HQ)"
0033j000041AHASAA4,Review,"Potential Account Match: FPI Management (HQ)"
0033j000041AH8cAAG,Review,"Potential Account Match: FPI Management (HQ)"
0033j000041AHGzAAO,Review,"Potential Account Match: FPI Management (HQ)"
0033j000041AH7iAAG,Review,"Potential Account Match: FPI Management (HQ)"
0033j000041AH8qAAG,Review,"Potential Account Match: FPI Management (HQ)"
0033j000041AHBpAAO,Review,"Potential Account Match: FPI Management (HQ)"
0033j000041AHDvAAO,Review,"Potential Account Match: FPI Management (HQ)"
0033j000041AH7eAAG,Review,"Potential Account Match: FPI Management (HQ)"
0033j000041AHC5AAO,Review,"Potential Account Match: FPI Management (HQ)"
0033j000041AHCsAAO,Review,"Potential Account Match: FPI Management (HQ)"
0033j000041AHHiAAO,Review,"Potential Account Match: FPI Management (HQ)"
0033j000041AHH4AAO,Review,"Potential Account Match: FPI Management (HQ)"
0033j000041AHIgAAO,Review,"Potential Account Match: FPI Management (HQ)"
0033j000041AHF4AAO,Review,"Potential Account Match: FPI Management (HQ)"
0033j000041AHJUAA4,Review,"Potential Account Match: FPI Management (HQ)"
0033j000041AH79AAG,Review,"Potential Account Match: FPI Management (HQ)"
0033j00003gTsRUAA0,Review,"Potential Account Match: FPI Management (HQ)"
0033j000041AH1qAAG,Review,"Potential Account Match: FPI Management (HQ)"
0033j000041AH6kAAG,Review,"Potential Account Match: FPI Management (HQ)"
0033j000041AHCAAA4,Review,"Potential Account Match: FPI Management (HQ)"
0033j000041AH6gAAG,Review,"Potential Account Match: FPI Management (HQ)"
0033j000041AHIvAAO,Review,"Potential Account Match: FPI Management (HQ)"
0033j000041AH8hAAG,Review,"Potential Account Match: FPI Management (HQ)"
0033j000041AH7TAAW,Review,"Potential Account Match: FPI Management (HQ)"
0033j000041AHBLAA4,Review,"Potential Account Match: FPI Management (HQ)"
0033j000041AHBfAAO,Review,"Potential Account Match: FPI Management (HQ)"
0033j000041AH8vAAG,Review,"Potential Account Match: FPI Management (HQ)"
0033j000041AH59AAG,Review,"Potential Account Match: FPI Management (HQ)"
0033j000041AHDWAA4,Review,"Potential Account Match: FPI Management (HQ)"
0033j000041AHHYAA4,Review,"Potential Account Match: FPI Management (HQ)"
0033j000041AHFiAAO,Review,"Potential Account Match: FPI Management (HQ)"
0033j000041AHIbAAO,Review,"Potential Account Match: FPI Management (HQ)"
0033j000041AHF8AAO,Review,"Potential Account Match: FPI Management (HQ)"
0033j000041AH9FAAW,Review,"Potential Account Match: FPI Management (HQ)"
0033j000041AHCxAAO,Review,"Potential Account Match: FPI Management (HQ)"
0033j000041AHFXAA4,Review,"Potential Account Match: FPI Management (HQ)"
0033j000041AH2UAAW,Review,"Potential Account Match: FPI Management (HQ)"
0033j000041AH5wAAG,Review,"Potential Account Match: FPI Management (HQ)"
0033j00003gUKXRAA4,Review,"Potential Account Match: FPI Management (HQ)"
0033j000041AHDbAAO,Review,"Potential Account Match: FPI Management (HQ)"
0033j000041AH54AAG,Review,"Potential Account Match: FPI Management (HQ)"
0033j000041AHEfAAO,Review,"Potential Account Match: FPI Management (HQ)"
0033j000041AHICAA4,Review,"Potential Account Match: FPI Management (HQ)"
0033j000041AHIWAA4,Review,"Potential Account Match: FPI Management (HQ)"
0033j000041AH5YAAW,Review,"Potential Account Match: FPI Management (HQ)"
0033j000041AH61AAG,Review,"Potential Account Match: FPI Management (HQ)"
0033j000041AH7sAAG,Review,"Potential Account Match: FPI Management (HQ)"
0033j000041AHAIAA4,Review,"Potential Account Match: FPI Management (HQ)"
0033j000041AHBaAAO,Review,"Potential Account Match: FPI Management (HQ)"
0033j000041AHDRAA4,Review,"Potential Account Match: FPI Management (HQ)"
0033j000041AHEAAA4,Review,"Potential Account Match: FPI Management (HQ)"
0033j000041AHG6AAO,Review,"Potential Account Match: FPI Management (HQ)"
0033j000041AHH9AAO,Review,"Potential Account Match: FPI Management (HQ)"
0033j000041AHHTAA4,Review,"Potential Account Match: FPI Management (HQ)"
0033j00003OQnFDAA1,Review,"Potential Account Match: FPI Management (HQ)"
0033j000041AHI2AAO,Review,"Potential Account Match: FPI Management (HQ)"
0033j000041AHCoAAO,Review,"Potential Account Match: FPI Management (HQ)"
0033j000041AHBkAAO,Review,"Potential Account Match: FPI Management (HQ)"
0033j000041AH6HAAW,Review,"Potential Account Match: FPI Management (HQ)"
0033j000041AH9GAAW,Review,"Potential Account Match: FPI Management (HQ)"
0033j000041AHCYAA4,Review,"Potential Account Match: FPI Management (HQ)"
0033j000041AHEPAA4,Review,"Potential Account Match: FPI Management (HQ)"
0033j000041AHFOAA4,Review,"Potential Account Match: FPI Management (HQ)"
0033j000041AH6uAAG,Review,"Potential Account Match: FPI Management (HQ)"
0033j00003gU0avAAC,Review,"Potential Account Match: Sentinel Real Estate Corporation (HQ)"
0033j00003gU0O5AAK,Review,"Potential Account Match: Sentinel Real Estate Corporation (HQ)"
0033j00003gTza5AAC,Review,"Potential Account Match: Sentinel Real Estate Corporation (HQ)"
0033j00003gTuEFAA0,Review,"Potential Account Match: Sentinel Real Estate Corporation (HQ)"
0033j00003gTqbYAAS,Review,"Potential Account Match: Sentinel Real Estate Corporation (HQ)"
0033j00003gUPbvAAG,Review,"Potential Account Match: Sentinel Real Estate Corporation (HQ)"
0033j00003gTpZaAAK,Review,"Potential Account Match: Sentinel Real Estate Corporation (HQ)"
0033j00003gUKdXAAW,Review,"Potential Account Match: Sentinel Real Estate Corporation (HQ)"
0033j00003gTxz4AAC,Review,"Potential Account Match: Sentinel Real Estate Corporation (HQ)"
0033j00003gUEX0AAO,Review,"Potential Account Match: Bozzuto Management (HQ)"
0033j00003gTrBJAA0,Review,"Potential Account Match: Bozzuto Management (HQ)"
0033j00003gUK9tAAG,Review,"Potential Account Match: Bozzuto Management (HQ)"
0033j00003gTyz0AAC,Review,"Potential Account Match: Bozzuto Management (HQ)"
0033j00003gTtYmAAK,Review,"Potential Account Match: Bozzuto Management (HQ)"
0033j00003gTsXNAA0,Review,"Potential Account Match: Bozzuto Management (HQ)"
0033j00003gUJIFAA4,Review,"Potential Account Match: Bozzuto Management (HQ)"
0033j00003gTqtzAAC,Review,"Potential Account Match: Bozzuto Management (HQ)"
0033j00003gUKFLAA4,Review,"Potential Account Match: Bozzuto Management (HQ)"
0033j00003gTsEkAAK,Review,"Potential Account Match: Bozzuto Management (HQ)"
0033j00003gUBQxAAO,Review,"Potential Account Match: Bozzuto Management (HQ)"
0033j00003gUBVzAAO,Review,"Potential Account Match: Bozzuto Management (HQ)"
0033j00003gTpYZAA0,Review,"Potential Account Match: Bozzuto Management (HQ)"
0033j00003gTrjuAAC,Review,"Potential Account Match: Bozzuto Management (HQ)"
0033j00003gTpUiAAK,Review,"Potential Account Match: Bozzuto Management (HQ)"
0033j00003gTrclAAC,Review,"Potential Account Match: Bozzuto Management (HQ)"
0033j00003gTqIlAAK,Review,"Potential Account Match: Bozzuto Management (HQ)"
0033j00003gTw8yAAC,Review,"Potential Account Match: Bozzuto Management (HQ)"
0033j00003gTzFWAA0,Review,"Potential Account Match: Bozzuto Management (HQ)"
0033j00003gUJNXAA4,Review,"Potential Account Match: Bozzuto Management (HQ)"
0033j00003gTx9qAAC,Review,"Potential Account Match: Bozzuto Management (HQ)"
0033j00003gU0OkAAK,Review,"Potential Account Match: Bozzuto Management (HQ)"
0033j00003gU0b5AAC,Review,"Potential Account Match: Bozzuto Management (HQ)"
0033j00003gTnryAAC,Review,"Potential Account Match: Bozzuto Management (HQ)"
0033j00003gUK2eAAG,Review,"Potential Account Match: Bozzuto Management (HQ)"
0033j00003gTn6gAAC,Review,"Potential Account Match: Bozzuto Management (HQ)"
0033j00003gUPISAA4,Review,"Potential Account Match: Bozzuto Management (HQ)"
0033j00003gTvsjAAC,Review,"Potential Account Match: Bozzuto Management (HQ)"
0033j00003gTzVwAAK,Review,"Potential Account Match: Bozzuto Management (HQ)"
0033j00003gUOtRAAW,Review,"Potential Account Match: Bozzuto Management (HQ)"
0033j00003gTtezAAC,Review,"Potential Account Match: Bozzuto Management (HQ)"
0033j00003gUPHTAA4,Review,"Potential Account Match: Bozzuto Management (HQ)"
0033j00003gTr9vAAC,Review,"Potential Account Match: Bozzuto Management (HQ)"
0033j00003gTr5WAAS,Review,"Potential Account Match: Bozzuto Management (HQ)"
0033j00003gTzDtAAK,Review,"Potential Account Match: Bozzuto Management (HQ)"
0033j00003gTw3DAAS,Review,"Potential Account Match: Bozzuto Management (HQ)"
0033j00003gTu6XAAS,Review,"Potential Account Match: Bozzuto Management (HQ)"
0033j00003gUE97AAG,Review,"Potential Account Match: Bozzuto Management (HQ)"
0033j00003gTsBQAA0,Review,"Potential Account Match: Bozzuto Management (HQ)"
0033j00003gTwA6AAK,Review,"Potential Account Match: Bozzuto Management (HQ)"
0033j00003gUPhSAAW,Review,"Potential Account Match: Bozzuto Management (HQ)"
0033j00003gTzR8AAK,Review,"Potential Account Match: Bozzuto Management (HQ)"
0033j00003gTn7cAAC,Review,"Potential Account Match: Peak Campus Cos"
0032A00002b6hEFQAY,Review,"Potential Account Match: Peak Campus Cos"
0033j00003gTp1iAAC,Review,"Potential Account Match: Peak Campus Cos"
0033j00003gUPADAA4,Review,"Potential Account Match: Peak Campus Cos"
0033j00003gTpNbAAK,Review,"Potential Account Match: Peak Campus Cos"
0032A00002vYBL7QAO,Review,"Potential Account Match: Peak Campus Cos"
0033j00003gTyUbAAK,Review,"Potential Account Match: Asset Living (Atlanta North)"
0033j00003gTtU9AAK,Review,"Potential Account Match: Asset Living (Atlanta North)"
0033j00003gTy8sAAC,Review,"Potential Account Match: Asset Living (Atlanta North)"
0033j00003gTyOlAAK,Review,"Potential Account Match: Asset Living (Atlanta North)"
0033j00003gUPyGAAW,Review,"Potential Account Match: Asset Living (Atlanta North)"
0033j00003gTsS2AAK,Review,"Potential Account Match: Asset Living (Atlanta North)"
0033j00003gTnaqAAC,Review,"Potential Account Match: Asset Living (Atlanta North)"
0033j00003gUEKQAA4,Review,"Potential Account Match: Ambling Management Companies (HQ)"
0033j00003gUJH2AAO,Review,"Potential Account Match: Ambling Management Companies (HQ)"
0033j00003gUBdIAAW,Review,"Potential Account Match: Ambling Management Companies (HQ)"
0033j00003gToXbAAK,Review,"Potential Account Match: Ambling Management Companies (HQ)"
0033j00003gU0hhAAC,Review,"Potential Account Match: Ambling Management Companies (HQ)"
0033j00003gTvJSAA0,Review,"Potential Account Match: Hanover Company (HQ)"
0033j00003gTzqrAAC,Review,"Potential Account Match: Asset Living (HQ)"
0033j00003gTrbsAAC,Review,"Potential Account Match: Asset Living (HQ)"
0033j00003gTntdAAC,Review,"Potential Account Match: Asset Living (HQ)"
0033j00003gTxb6AAC,Review,"Potential Account Match: Asset Living (HQ)"
0033j00003gTtd5AAC,Review,"Potential Account Match: Asset Living (HQ)"
0033j00003gTtMBAA0,Review,"Potential Account Match: Asset Living (HQ)"
0033j00002OELgxAAH,Review,"Potential Account Match: Asset Living (HQ)"
0033j00003gTrvGAAS,Review,"Potential Account Match: Asset Living (HQ)"
0033j00003gTyzBAAS,Review,"Potential Account Match: Asset Living (HQ)"
0033j00003gTv6aAAC,Review,"Potential Account Match: Asset Living (HQ)"
0033j00003gUPUGAA4,Review,"Potential Account Match: Asset Living (HQ)"
0033j00003gUEJCAA4,Review,"Potential Account Match: Asset Living (HQ)"
0033j00003gUEbuAAG,Review,"Potential Account Match: Asset Living (HQ)"
0033j00003gTs6EAAS,Review,"Potential Account Match: Asset Living (HQ)"
0033j00003vy6xXAAQ,Review,"Potential Account Match: Asset Living (HQ)"
0033j00003gUJwcAAG,Review,"Potential Account Match: Asset Living (HQ)"
0033j00003gTxQzAAK,Review,"Potential Account Match: Asset Living (HQ)"
0033j00003gUBDJAA4,Review,"Potential Account Match: Asset Living (HQ)"
0033j00003gTvhWAAS,Review,"Potential Account Match: Asset Living (HQ)"
0033j00003gTpNiAAK,Review,"Potential Account Match: Asset Living (HQ)"
0033j00003gTvl6AAC,Review,"Potential Account Match: Asset Living (HQ)"
0033j00003Dsx8vAAB,Review,"Potential Account Match: Vesta Corporation (HQ)"
0033j000041AGqrAAG,Review,"Potential Account Match: Brookside Properties, Inc. (HQ)"
0033j00003gTo5EAAS,Review,"Potential Account Match: Brookside Properties, Inc. (HQ)"
0033j00003gTu6lAAC,Review,"Potential Account Match: Brookside Properties, Inc. (HQ)"
0033j00003gU0ZZAA0,Review,"Potential Account Match: Brookside Properties, Inc. (HQ)"
0033j00003gTtC9AAK,Review,"Potential Account Match: Brookside Properties, Inc. (HQ)"
0033j00003gTs58AAC,Review,"Potential Account Match: Brookside Properties, Inc. (HQ)"
0033j00003gTqoBAAS,Review,"Potential Account Match: Brookside Properties, Inc. (HQ)"
0033j000041AEn0AAG,Review,"Potential Account Match: Integra Affordable Management (HQ)"
0033j00003gU04BAAS,Review,"Potential Account Match: Jones Street Residential, Inc. (HQ)"
0033j00003gTwajAAC,Review,"Potential Account Match: ZRS Management"
0033j00003gUOzHAAW,Review,"Potential Account Match: ZRS Management"
0033j00003gTzQrAAK,Review,"Potential Account Match: ZRS Management"
0033j00003gUBdMAAW,Review,"Potential Account Match: ZRS Management"
0033j00003gUPt5AAG,Review,"Potential Account Match: ZRS Management"
0033j00003gTqUfAAK,Review,"Potential Account Match: ZRS Management"
0033j00003FeicGAAR,Review,"Potential Account Match: ZRS Management"
0033j00003gTqWWAA0,Review,"Potential Account Match: ZRS Management"
0033j00003gTzaaAAC,Review,"Potential Account Match: ZRS Management"
0033j00003gUKYmAAO,Review,"Potential Account Match: ZRS Management"
0033j000041AHL1AAO,Review,"Potential Account Match: Solomon Organization, LLC (HQ)"
0033j000041AHLBAA4,Review,"Potential Account Match: Solomon Organization, LLC (HQ)"
0033j000041AHKrAAO,Review,"Potential Account Match: Solomon Organization, LLC (HQ)"
0033j000041AHKwAAO,Review,"Potential Account Match: Solomon Organization, LLC (HQ)"
0033j000041AHDNAA4,Review,"Potential Account Match: Solomon Organization, LLC (HQ)"
0033j000041AHKhAAO,Review,"Potential Account Match: Solomon Organization, LLC (HQ)"
0033j00003gTtMsAAK,Review,"Potential Account Match: Atlantic Realty Group (HQ)"
0033j00003gTrd8AAC,Review,"Potential Account Match: Atlantic Realty Group (HQ)"
0033j00003gTsz4AAC,Review,"Potential Account Match: Atlantic Realty Group (HQ)"
0033j00003gUOyvAAG,Review,"Potential Account Match: Atlantic Realty Group (HQ)"
0033j00003gTzZtAAK,Review,"Potential Account Match: Cornerstone Corporation (HQ)"
0033j00003gTwymAAC,Review,"Potential Account Match: Cornerstone Corporation (HQ)"
0033j000041AHeSAAW,Review,"Potential Account Match: Village Green Property Management"
0033j00003gTxxvAAC,Review,"Potential Account Match: Village Green Property Management"
0033j000041AHduAAG,Review,"Potential Account Match: Village Green Property Management"
0033j000041AHeXAAW,Review,"Potential Account Match: Village Green Property Management"
0033j000041AHgiAAG,Review,"Potential Account Match: Village Green Property Management"
0033j00003OOBxyAAH,Review,"Potential Account Match: Village Green Property Management"
0033j000041AHfBAAW,Review,"Potential Account Match: Village Green Property Management"
0033j000041AHZdAAO,Review,"Potential Account Match: Village Green Property Management"
0033j00003gTxx4AAC,Review,"Potential Account Match: TI Communities"
0033j00003gTyQuAAK,Review,"Potential Account Match: TI Communities"
0033j00003gUB7uAAG,Review,"Potential Account Match: TI Communities"
0033j000041AEUIAA4,Review,"Potential Account Match: CarDon & Associates (HQ)"
0033j000041AEUSAA4,Review,"Potential Account Match: CarDon & Associates (HQ)"
0033j000041AEQMAA4,Review,"Potential Account Match: CarDon & Associates (HQ)"
0033j000041AETGAA4,Review,"Potential Account Match: Monarch Management & Realty (HQ)"
0033j00003gTxJ0AAK,Review,"Potential Account Match: Charter Property Group (HQ)"
0033j00003gUQ8xAAG,Review,"Potential Account Match: Oakwood Management Company (HQ)"
0033j00003gUQHWAA4,Review,"Potential Account Match: Oakwood Management Company (HQ)"
0033j00003gUBKEAA4,Review,"Potential Account Match: Oakwood Management Company (HQ)"
0033j00003gTncGAAS,Review,"Potential Account Match: Oakwood Management Company (HQ)"
0033j00003gToHLAA0,Review,"Potential Account Match: Oakwood Management Company (HQ)"
0033j00003gUOrHAAW,Review,"Potential Account Match: Oakwood Management Company (HQ)"
0033j00003gTvmpAAC,Review,"Potential Account Match: Oakwood Management Company (HQ)"
0033j00003gTyruAAC,Review,"Potential Account Match: Oakwood Management Company (HQ)"
0033j00003gTt6mAAC,Review,"Potential Account Match: Oakwood Management Company (HQ)"
0033j00003gTx7mAAC,Review,"Potential Account Match: Oakwood Management Company (HQ)"
0033j00003gUOZ6AAO,Review,"Potential Account Match: Oakwood Management Company (HQ)"
0033j00003gTqtAAAS,Review,"Potential Account Match: Oakwood Management Company (HQ)"
0033j00003gTtp8AAC,Review,"Potential Account Match: Wood Partners (HQ)"
0032A00002a2cmzQAA,Review,"Potential Account Match: Westdale Asset Management (HQ)"
0033j00003gTzboAAC,Review,"Potential Account Match: Westdale Asset Management (HQ)"
0033j00003gTxmlAAC,Review,"Potential Account Match: Westdale Asset Management (HQ)"
0033j00003gUIuTAAW,Review,"Potential Account Match: Westdale Asset Management (HQ)"
0033j00003gTzfvAAC,Review,"Potential Account Match: Westdale Asset Management (HQ)"
0033j00003gTuwHAAS,Review,"Potential Account Match: Westdale Asset Management (HQ)"
0033j00003gUJ4fAAG,Review,"Potential Account Match: Continental Properties (HQ)"
0033j000041AHGGAA4,Review,"Potential Account Match: Trinity Property Consultants"
0033j000041AHJAAA4,Review,"Potential Account Match: Trinity Property Consultants"
0033j000041AH6GAAW,Review,"Potential Account Match: Trinity Property Consultants"
0033j000041AHJ5AAO,Review,"Potential Account Match: Trinity Property Consultants"
0033j000041AH7JAAW,Review,"Potential Account Match: Trinity Property Consultants"
0033j000041AGpQAAW,Review,"Potential Account Match: Trinity Property Consultants"
0033j000041AH6aAAG,Review,"Potential Account Match: Trinity Property Consultants"
0033j000041AH5JAAW,Review,"Potential Account Match: Trinity Property Consultants"
0033j000041AH1IAAW,Review,"Potential Account Match: Trinity Property Consultants"
0033j000041AHBVAA4,Review,"Potential Account Match: Trinity Property Consultants"
0033j000041AHC4AAO,Review,"Potential Account Match: Trinity Property Consultants"
0033j000041AHDlAAO,Review,"Potential Account Match: Trinity Property Consultants"
0033j000041AEZIAA4,Review,"Potential Account Match: Campus Edge (HQ)"
0032A00002b6hEKQAY,Review,"Potential Account Match: PMC Property Group, Inc (HQ)"
0033j00003gTxX2AAK,Review,"Potential Account Match: Figure Eight Properties - Regional - HOU"
0033j00003gUPcLAAW,Review,"Potential Account Match: CMC Properties (HQ)"
0033j000041A9fLAAS,Review,"Potential Account Match: How Properties, LLC (HQ)"
0033j000041AEQqAAO,Review,"Potential Account Match: LaCasa, Inc (HQ)"
0033j00003YKF3BAAX,Review,"Potential Account Match: Cyrus Property Management (HQ)"
0032A00002azpUeQAI,Review,"Potential Account Match: Carydale Enterprises (HQ)"
0033j000041AICWAA4,Review,"Potential Account Match: Envolve Communities, LLC (HQ)"
0033j00003gUKEKAA4,Review,"Potential Account Match: Envolve Communities, LLC (HQ)"
0033j00003gToWjAAK,Review,"Potential Account Match: Envolve Communities, LLC (HQ)"
0033j00003gTyssAAC,Review,"Potential Account Match: Envolve Communities, LLC (HQ)"
0033j00003gTy9sAAC,Review,"Potential Account Match: Envolve Communities, LLC (HQ)"
0033j00003gTzwRAAS,Review,"Potential Account Match: Envolve Communities, LLC (HQ)"
0033j000041AICvAAO,Review,"Potential Account Match: Envolve Communities, LLC (HQ)"
0033j000041AESvAAO,Review,"Potential Account Match: Ardizzone Group (HQ)"
0033j000041AET5AAO,Review,"Potential Account Match: Ardizzone Group (HQ)"
0033j00003OOPtDAAX,Review,"Potential Account Match: Bernstein Management Corporation"
0033j000041AHdeAAG,Review,"Potential Account Match: Edward Rose & Sons (HQ)"
0033j000041AHdtAAG,Review,"Potential Account Match: Edward Rose & Sons (HQ)"
0033j000041AHe8AAG,Review,"Potential Account Match: Edward Rose & Sons (HQ)"
0033j000041AHeNAAW,Review,"Potential Account Match: Edward Rose & Sons (HQ)"
0033j000041AHehAAG,Review,"Potential Account Match: Edward Rose & Sons (HQ)"
0033j000041AHewAAG,Review,"Potential Account Match: Edward Rose & Sons (HQ)"
0033j000041AHf1AAG,Review,"Potential Account Match: Edward Rose & Sons (HQ)"
0033j000041AHfaAAG,Review,"Potential Account Match: Edward Rose & Sons (HQ)"
0033j000041AHfVAAW,Review,"Potential Account Match: Edward Rose & Sons (HQ)"
0033j000041AHexAAG,Review,"Potential Account Match: Edward Rose & Sons (HQ)"
0033j000041AHffAAG,Review,"Potential Account Match: Edward Rose & Sons (HQ)"
0033j00003gTt1VAAS,Review,"Potential Account Match: Ackermann Group (HQ)"
0033j00003gUPA8AAO,Review,"Potential Account Match: Ackermann Group (HQ)"
0033j00003gTohyAAC,Review,"Potential Account Match: LEDIC Realty Company"
0033j00003gTtfXAAS,Review,"Potential Account Match: LEDIC Realty Company"
0033j00003gToTIAA0,Review,"Potential Account Match: LEDIC Realty Company"
0033j00003gTqKxAAK,Review,"Potential Account Match: LEDIC Realty Company"
0033j00003OQhDUAA1,Review,"Potential Account Match: Laramar Group LLC (HQ)"
0033j00003gTrWRAA0,Review,"Potential Account Match: Bridge Property Management (Salt Lake City)"
0033j00003gTzVLAA0,Review,"Potential Account Match: Bridge Property Management (Salt Lake City)"
0033j00003gTkV9AAK,Review,"Potential Account Match: Indio Management (HQ)"
0033j00003gTxysAAC,Review,"Potential Account Match: SHP Management (HQ)"
0033j00003gTqUOAA0,Review,"Potential Account Match: Towne Properties (HQ)"
0033j00003gTrKoAAK,Review,"Potential Account Match: Towne Properties (HQ)"
0033j00003gTow7AAC,Review,"Potential Account Match: Towne Properties (HQ)"
0033j00003gTsdoAAC,Review,"Potential Account Match: Towne Properties (HQ)"
0033j00003gUPwhAAG,Review,"Potential Account Match: Towne Properties (HQ)"
0033j00003gTtqSAAS,Review,"Potential Account Match: Towne Properties (HQ)"
0033j00003gTuPbAAK,Review,"Potential Account Match: Brookfield Properties Multifamily (Cleveland)"
0033j00003gTpYvAAK,Review,"Potential Account Match: Brookfield Properties Multifamily (Cleveland)"
0033j00003gTwg1AAC,Review,"Potential Account Match: JNB Platinum (HQ)"
0033j00003gUPUlAAO,Review,"Potential Account Match: Jamco Properties"
0033j00003gUPUaAAO,Review,"Potential Account Match: Jamco Properties"
0033j00003gUB7NAAW,Review,"Potential Account Match: Jamco Properties"
0033j00003gU0fIAAS,Review,"Potential Account Match: Jamco Properties"
0033j00003gTzUCAA0,Review,"Potential Account Match: Jamco Properties"
0033j00003gTxFoAAK,Review,"Potential Account Match: Jamco Properties"
0033j00003gTnV5AAK,Review,"Potential Account Match: Jamco Properties"
0033j00003gTwP7AAK,Review,"Potential Account Match: Jamco Properties"
0033j00003gTnLKAA0,Review,"Potential Account Match: Jamco Properties"
0033j00003gTxu2AAC,Review,"Potential Account Match: Jamco Properties"
0033j00003vwDyoAAE,Review,"Potential Account Match: Allegiant-Carter Management, LLC (HQ)"
0033j00003gUJ4XAAW,Review,"Potential Account Match: Mercy Housing  (HQ)"
0033j00003gUPudAAG,Review,"Potential Account Match: Aspen Heights - Springfield"
0033j00003gTtpAAAS,Review,"Potential Account Match: Aspen Heights - Springfield"
0033j00003gTplYAAS,Review,"Potential Account Match: Aspen Heights - Springfield"
0033j00003gU0J6AAK,Review,"Potential Account Match: Boyd Development"
0033j00003gU0P0AAK,Review,"Potential Account Match: Boyd Development"
0033j00003gTrbzAAC,Review,"Potential Account Match: American Landmark Apartments (HQ)"
0033j00003gTyQQAA0,Review,"Potential Account Match: American Landmark Apartments (HQ)"
0033j00003gTpg2AAC,Review,"Potential Account Match: American Landmark Apartments (HQ)"
0033j00003gUKZSAA4,Review,"Potential Account Match: American Landmark Apartments (HQ)"
0033j00003gTuvoAAC,Review,"Potential Account Match: American Landmark Apartments (HQ)"
0033j000041AEapAAG,Review,"Potential Account Match: Core Redevelopment (HQ)"
003F000001grDT2IAM,Review,"Potential Account Match: Burkett Properties (HQ)"
0033j00003gTyG1AAK,Review,"Potential Account Match: Burkett Properties (HQ)"
0033j000041AHFwAAO,Review,"Potential Account Match: John Stewart Company (HQ)"
0033j000041AHGQAA4,Review,"Potential Account Match: John Stewart Company (HQ)"
0033j000041AHBCAA4,Review,"Potential Account Match: John Stewart Company (HQ)"
0033j000041AH6QAAW,Review,"Potential Account Match: John Stewart Company (HQ)"
0033j000041AH9PAAW,Review,"Potential Account Match: John Stewart Company (HQ)"
0033j000041AH9ZAAW,Review,"Potential Account Match: John Stewart Company (HQ)"
0033j000041AHDgAAO,Review,"Potential Account Match: John Stewart Company (HQ)"
0033j000041AHHdAAO,Review,"Potential Account Match: John Stewart Company (HQ)"
0033j000041AH8lAAG,Review,"Potential Account Match: John Stewart Company (HQ)"
0033j000041AHHEAA4,Review,"Potential Account Match: John Stewart Company (HQ)"
0033j000041AH9oAAG,Review,"Potential Account Match: John Stewart Company (HQ)"
0033j000041AHD2AAO,Review,"Potential Account Match: John Stewart Company (HQ)"
0033j000041AHGBAA4,Review,"Potential Account Match: John Stewart Company (HQ)"
0033j000041AHFcAAO,Review,"Potential Account Match: John Stewart Company (HQ)"
0033j000041AH8DAAW,Review,"Potential Account Match: John Stewart Company (HQ)"
0033j000041AHJFAA4,Review,"Potential Account Match: John Stewart Company (HQ)"
0033j000041AHFIAA4,Review,"Potential Account Match: John Stewart Company (HQ)"
0033j000041AHJZAA4,Review,"Potential Account Match: John Stewart Company (HQ)"
0033j000041AH8WAAW,Review,"Potential Account Match: John Stewart Company (HQ)"
0033j000041AH9UAAW,Review,"Potential Account Match: John Stewart Company (HQ)"
0033j000041AH76AAG,Review,"Potential Account Match: John Stewart Company (HQ)"
0033j000041AHGuAAO,Review,"Potential Account Match: John Stewart Company (HQ)"
0033j000041AH7dAAG,Review,"Potential Account Match: John Stewart Company (HQ)"
0033j000041AHFhAAO,Review,"Potential Account Match: John Stewart Company (HQ)"
0033j000041AH9AAAW,Review,"Potential Account Match: John Stewart Company (HQ)"
0033j000041AHArAAO,Review,"Potential Account Match: John Stewart Company (HQ)"
0033j000041AHATAA4,Review,"Potential Account Match: John Stewart Company (HQ)"
0033j000041AHCUAA4,Review,"Potential Account Match: John Stewart Company (HQ)"
0033j000041AH7OAAW,Review,"Potential Account Match: John Stewart Company (HQ)"
0033j000041AH75AAG,Review,"Potential Account Match: John Stewart Company (HQ)"
0033j00003gTsiuAAC,Review,"Potential Account Match: Preferred Living (HQ)"
0033j00003gTs4RAAS,Review,"Potential Account Match: Preferred Living (HQ)"
0033j000041A7kSAAS,Review,"Potential Account Match: Hawaiian Properties, Ltd. (HQ)"
0033j00003gU0JNAA0,Review,"Potential Account Match: Cambridge Management Services (HQ)"
0033j00003gUBapAAG,Review,"Potential Account Match: Cambridge Management Services (HQ)"
0033j00003gTrtLAAS,Review,"Potential Account Match: Cambridge Management Services (HQ)"
0033j00003gTscUAAS,Review,"Potential Account Match: Cambridge Management Services (HQ)"
0033j000041A7dRAAS,Review,"Potential Account Match: Weigand Omega Management (HQ)"
0033j000041AEWdAAO,Review,"Potential Account Match: TWG Management, LLC (HQ)"
0033j000041AEWeAAO,Review,"Potential Account Match: TWG Management, LLC (HQ)"
0033j000041AEZmAAO,Review,"Potential Account Match: TWG Management, LLC (HQ)"
0033j000041AEToAAO,Review,"Potential Account Match: TWG Management, LLC (HQ)"
0033j000041AHdZAAW,Review,"Potential Account Match: McKinley Properties (HQ)"
0033j00003Feo6gAAB,Review,"Potential Account Match: Broe Real Estate Group (HQ)"
0033j00003gTmvdAAC,Review,"Potential Account Match: Mesa Management, Inc. (HQ)"
0033j00003gU08OAAS,Review,"Potential Account Match: Wingate Companies (HQ)"
0033j00003gTn8NAAS,Review,"Potential Account Match: Wingate Companies (HQ)"
0033j00003gTuvhAAC,Review,"Potential Account Match: Wingate Companies (HQ)"
0033j00003gTv6kAAC,Review,"Potential Account Match: Wingate Companies (HQ)"
0033j00003gTtB2AAK,Review,"Potential Account Match: Wingate Companies (HQ)"
0033j00003gTwn0AAC,Review,"Potential Account Match: Wingate Companies (HQ)"
0033j00003gTpxxAAC,Review,"Potential Account Match: Wingate Companies (HQ)"
0033j00003gTxd3AAC,Review,"Potential Account Match: Wingate Companies (HQ)"
0033j00003gUBPxAAO,Review,"Potential Account Match: Wingate Companies (HQ)"
0033j00003gTsMrAAK,Review,"Potential Account Match: Wingate Companies (HQ)"
0033j00003gUJMoAAO,Review,"Potential Account Match: Wingate Companies (HQ)"
0033j00003gTnVPAA0,Review,"Potential Account Match: Wingate Companies (HQ)"
0033j00003gTxFHAA0,Review,"Potential Account Match: Wingate Companies (HQ)"
0032A00002S5jBCQAZ,Review,"Potential Account Match: Test Account"
0033j00003q6Z6pAAE,Review,"Potential Account Match: Test Account"
0033j00003FfLI7AAN,Review,"Potential Account Match: Test Account"
0032A00002T7NSFQA3,Review,"Potential Account Match: Test Account"
0033j000041AGtRAAW,Review,"Potential Account Match: Freeman Webb Management (HQ)"
0032A00002dUDCvQAO,Review,"Potential Account Match: Old Town Square Properties, Inc. (HQ)"
0032A00002dUDCyQAO,Review,"Potential Account Match: Old Town Square Properties, Inc. (HQ)"
0032A00002dUDCwQAO,Review,"Potential Account Match: Old Town Square Properties, Inc. (HQ)"
0032A00002dUDCxQAO,Review,"Potential Account Match: Old Town Square Properties, Inc. (HQ)"
0033j00003gTrWmAAK,Review,"Potential Account Match: Monarch Properties Inc (HQ)"
0032A00002a2cnbQAA,Review,"Potential Account Match: MPM-Envolve  (Kerrville)"
0033j00003gTqQEAA0,Review,"Potential Account Match: MPM-Envolve  (Kerrville)"
0033j00003gTpaOAAS,Review,"Potential Account Match: Sealy Management Co., Inc. (HQ)"
0033j00003gTqxcAAC,Review,"Potential Account Match: Sealy Management Co., Inc. (HQ)"
0033j00003gTqcHAAS,Review,"Potential Account Match: Sealy Management Co., Inc. (HQ)"
0033j00003gTyxQAAS,Review,"Potential Account Match: Sealy Management Co., Inc. (HQ)"
0033j00003gTnP0AAK,Review,"Potential Account Match: Sealy Management Co., Inc. (HQ)"
0033j00003gTnJ1AAK,Review,"Potential Account Match: Sealy Management Co., Inc. (HQ)"
0033j00003gTsueAAC,Review,"Potential Account Match: TRIO Properties (HQ)"
0033j00003kfxpVAAQ,Review,"Potential Account Match: Elmington Capital Group (HQ)"
0033j00003gTxd6AAC,Review,"Potential Account Match: Neiders Company (HQ)"
0033j00003gTy8PAAS,Review,"Potential Account Match: Community Builders, Inc. (HQ)"
0033j00003gUB86AAG,Review,"Potential Account Match: Community Builders, Inc. (HQ)"
0033j00003gU0FeAAK,Review,"Potential Account Match: Community Builders, Inc. (HQ)"
0033j00003gUOrzAAG,Review,"Potential Account Match: Community Builders, Inc. (HQ)"
0033j00003gTuIcAAK,Review,"Potential Account Match: Community Builders, Inc. (HQ)"
0033j00003gU0JuAAK,Review,"Potential Account Match: Community Builders, Inc. (HQ)"
0033j00003gTvr6AAC,Review,"Potential Account Match: Community Builders, Inc. (HQ)"
0033j00003gToLPAA0,Review,"Potential Account Match: Community Builders, Inc. (HQ)"
0033j00003gTxcHAAS,Review,"Potential Account Match: Community Builders, Inc. (HQ)"
0033j000041AGYxAAO,Review,"Potential Account Match: Galvin Group (HQ)"
0033j000041AGYsAAO,Review,"Potential Account Match: Galvin Group (HQ)"
0033j000041AGV5AAO,Review,"Potential Account Match: Galvin Group (HQ)"
0033j000041AGYEAA4,Review,"Potential Account Match: Galvin Group (HQ)"
0033j00003gSkK2AAK,Review,"Potential Account Match: Rochesters Cornerstone Grp"
0033j000041AEUXAA4,Review,"Potential Account Match: Vicinia Property Management (HQ)"
0033j000041AERyAAO,Review,"Potential Account Match: Vicinia Property Management (HQ)"
0033j000041AETpAAO,Review,"Potential Account Match: Vicinia Property Management (HQ)"
0033j00003gUPAiAAO,Review,"Potential Account Match: Premier Real Estate Management LLC (HQ)"
0033j00003gU0LEAA0,Review,"Potential Account Match: HSI Management, Inc. (HQ)"
0033j00003gTvJKAA0,Review,"Potential Account Match: Churchill Forge Properties (HQ)"
0033j00003gTtqCAAS,Review,"Potential Account Match: Churchill Forge Properties (HQ)"
0033j00003gTuPZAA0,Review,"Potential Account Match: Churchill Forge Properties (HQ)"
0033j00003gTxaTAAS,Review,"Potential Account Match: Churchill Forge Properties (HQ)"
0033j00003gTwJtAAK,Review,"Potential Account Match: Churchill Forge Properties (HQ)"
0033j00003gUPD9AAO,Review,"Potential Account Match: AMC Management LLC (HQ)"
0033j000041AGXBAA4,Review,"Potential Account Match: Curator Property Management (HQ)"
0033j000041A9lnAAC,Review,"Potential Account Match: Goldrich Kest (HQ)"
0033j000041AGa5AAG,Review,"Potential Account Match: First Housing Corporation (HQ)"
0033j00003vwmLBAAY,Review,"Potential Account Match: Omninet Capital (HQ)"
0033j000041AGuWAAW,Review,"Potential Account Match: AO Realty Corporation (San Francisco)"
0033j000041AHJPAA4,Review,"Potential Account Match: AO Realty Corporation (San Francisco)"
0033j000041AHCJAA4,Review,"Potential Account Match: AO Realty Corporation (San Francisco)"
0033j000041AHHxAAO,Review,"Potential Account Match: AO Realty Corporation (San Francisco)"
0033j000041AHCtAAO,Review,"Potential Account Match: AO Realty Corporation (San Francisco)"
0033j000041AEWYAA4,Review,"Potential Account Match: Day Spring Communities (HQ)"
0033j000041AEWTAA4,Review,"Potential Account Match: Day Spring Communities (HQ)"
0033j000041ADyUAAW,Review,"Potential Account Match: Day Spring Communities (HQ)"
0033j000041AEVuAAO,Review,"Potential Account Match: Denizen Management (HQ)"
0033j000041AEYKAA4,Review,"Potential Account Match: Cityscape Residential (HQ)"
0033j000041AEYPAA4,Review,"Potential Account Match: Cityscape Residential (HQ)"
0033j000041AEaBAAW,Review,"Potential Account Match: Cityscape Residential (HQ)"
0032A00002b6h9iQAA,Review,"Potential Account Match: Ohio State University Housing (HQ)"
0032A00002b6h9jQAA,Review,"Potential Account Match: Ohio State University Housing (HQ)"
0032A00002b6h9kQAA,Review,"Potential Account Match: Ohio State University Housing (HQ)"
0032A00002b6h9lQAA,Review,"Potential Account Match: Ohio State University Housing (HQ)"
0032A00002b6h9mQAA,Review,"Potential Account Match: Ohio State University Housing (HQ)"
0032A00002b6h9nQAA,Review,"Potential Account Match: Ohio State University Housing (HQ)"
0032A00002b6h9oQAA,Review,"Potential Account Match: Ohio State University Housing (HQ)"
0032A00002b6h9pQAA,Review,"Potential Account Match: Ohio State University Housing (HQ)"
0032A00002b6h9qQAA,Review,"Potential Account Match: Ohio State University Housing (HQ)"
0032A00002b6h9rQAA,Review,"Potential Account Match: Ohio State University Housing (HQ)"
0032A00002b6h9sQAA,Review,"Potential Account Match: Ohio State University Housing (HQ)"
0032A00002b6h9tQAA,Review,"Potential Account Match: Ohio State University Housing (HQ)"
0032A00002b6h9uQAA,Review,"Potential Account Match: Ohio State University Housing (HQ)"
0032A00002b6h9vQAA,Review,"Potential Account Match: Ohio State University Housing (HQ)"
0032A00002b6h9wQAA,Review,"Potential Account Match: Ohio State University Housing (HQ)"
0032A00002b6h9xQAA,Review,"Potential Account Match: Ohio State University Housing (HQ)"
0032A00002b6h9yQAA,Review,"Potential Account Match: Ohio State University Housing (HQ)"
0032A00002b6h9hQAA,Review,"Potential Account Match: Ohio State University Housing (HQ)"
0032A00002b6h9zQAA,Review,"Potential Account Match: Ohio State University Housing (HQ)"
0032A00002b6hA0QAI,Review,"Potential Account Match: Ohio State University Housing (HQ)"
0033j00003gTuwtAAC,Review,"Potential Account Match: Monday & Company (HQ)"
0033j000041AEgJAAW,Review,"Potential Account Match: UIP Property Management (HQ)"
0033j00003gU0mjAAC,Review,"Potential Account Match: Paredim Partners"
0033j00003gTnKAAA0,Review,"Potential Account Match: Burton Carol Management LLC (HQ)"
0033j00003gUKFjAAO,Review,"Potential Account Match: Burton Carol Management LLC (HQ)"
0033j00003gUPb9AAG,Review,"Potential Account Match: Burton Carol Management LLC (HQ)"
0033j00003gTxipAAC,Review,"Potential Account Match: Burton Carol Management LLC (HQ)"
0033j00003gTrLEAA0,Review,"Potential Account Match: Burton Carol Management LLC (HQ)"
0032A00002b6hEIQAY,Review,"Potential Account Match: Weinstein Properties (HQ)"
0032A00002b6hEHQAY,Review,"Potential Account Match: Weinstein Properties (HQ)"
0033j00003gTrdBAAS,Review,"Potential Account Match: Northwood Ravin (HQ)"
0033j00003gUOrGAAW,Review,"Potential Account Match: Highmark Residential (HQ)"
0033j00003gTxn6AAC,Review,"Potential Account Match: Highmark Residential (HQ)"
0033j00003gTxcFAAS,Review,"Potential Account Match: Highmark Residential (HQ)"
0033j00003gTqaHAAS,Review,"Potential Account Match: Highmark Residential (HQ)"
0033j00003gTxDxAAK,Review,"Potential Account Match: Highmark Residential (HQ)"
0033j00003gTwxYAAS,Review,"Potential Account Match: Highmark Residential (HQ)"
0033j00003gUECtAAO,Review,"Potential Account Match: Highmark Residential (HQ)"
0033j00003gUOTBAA4,Review,"Potential Account Match: Highmark Residential (HQ)"
0033j00003gTnbVAAS,Review,"Potential Account Match: Highmark Residential (HQ)"
0033j00003gUBW9AAO,Review,"Potential Account Match: Windsor Communities"
0033j00003FdjaOAAR,Review,"Potential Account Match: Windsor Communities"
0033j00003gTvffAAC,Review,"Potential Account Match: RPM Living (HQ)"
0033j00003gUKQTAA4,Review,"Potential Account Match: RPM Living (HQ)"
0033j00003gTtAlAAK,Review,"Potential Account Match: RPM Living (HQ)"
0033j00003gUK2lAAG,Review,"Potential Account Match: RPM Living (HQ)"
0033j00003gToFdAAK,Review,"Potential Account Match: Geller Properties (HQ)"
0033j00003Ff2ecAAB,Review,"Potential Account Match: Edwin B. Raskin Company (HQ)"
0033j00003gTxbzAAC,Review,"Potential Account Match: WPM Real Estate Management"
0033j00003gTuCYAA0,Review,"Potential Account Match: WPM Real Estate Management"
0033j00003gTygwAAC,Review,"Potential Account Match: WPM Real Estate Management"
0033j00003gTrztAAC,Review,"Potential Account Match: Senior Lifestyle Corporation (HQ)"
0033j00003gUKXLAA4,Review,"Potential Account Match: Senior Lifestyle Corporation (HQ)"
0033j00003gTpm1AAC,Review,"Potential Account Match: Senior Lifestyle Corporation (HQ)"
0033j00003gUPB5AAO,Review,"Potential Account Match: Senior Lifestyle Corporation (HQ)"
003F000001SoNyDIAV,Review,"Potential Account Match: Monarch Investment & Management Group (HQ)"
003F000001SoNxtIAF,Review,"Potential Account Match: Monarch Investment & Management Group (HQ)"
0033j00003gUKe5AAG,Review,"Potential Account Match: Cagan Management Group (HQ)"
0033j00003gToqNAAS,Review,"Potential Account Match: Cagan Management Group (HQ)"
0033j00003gTw4OAAS,Review,"Potential Account Match: Cagan Management Group (HQ)"
0033j00003gUPnOAAW,Review,"Potential Account Match: HJ Russell & Company (HQ)"
0033j00003gUJ04AAG,Review,"Potential Account Match: HJ Russell & Company (HQ)"
0033j000041AHd0AAG,Review,"Potential Account Match: Essential Property Management (HQ)"
0033j000041AEuqAAG,Review,"Potential Account Match: Lautrec, Ltd. (HQ)"
0033j00003gTrN6AAK,Review,"Potential Account Match: Capstone Multi-Family Group (HQ)"
0033j00003gTrBUAA0,Review,"Potential Account Match: Capstone Multi-Family Group (HQ)"
0033j00003gU0LCAA0,Review,"Potential Account Match: Centra Partners (HQ)"
0033j00003gTwffAAC,Review,"Potential Account Match: Centra Partners (HQ)"
0033j000041AEYeAAO,Review,"Potential Account Match: Biggs Property Management (HQ)"
0033j000041AEZ3AAO,Review,"Potential Account Match: Biggs Property Management (HQ)"
0033j000041AEZDAA4,Review,"Potential Account Match: Biggs Property Management (HQ)"
0033j000041AETZAA4,Review,"Potential Account Match: Biggs Property Management (HQ)"
0032A00002b6hCFQAY,Review,"Potential Account Match: B&H Properties"
0032A00002b6hCGQAY,Review,"Potential Account Match: B&H Properties"
0032A00002b6hDyQAI,Review,"Potential Account Match: Oxford Property Group (HQ)"
0032A00002b6hDzQAI,Review,"Potential Account Match: Oxford Property Group (HQ)"
0033j000041AA1bAAG,Review,"Potential Account Match: Cornerstone Managed Properties (HQ)"
0033j000041AGU7AAO,Review,"Potential Account Match: Fourmidable Real Estate Management (HQ)"
0033j000041AGSuAAO,Review,"Potential Account Match: Fourmidable Real Estate Management (HQ)"
0033j00003vwndvAAA,Review,"Potential Account Match: Velair Property Management (HQ)"
0033j00003gTpgDAAS,Review,"Potential Account Match: Town Management (HQ)"
0033j00003gUPbnAAG,Review,"Potential Account Match: Pegasus Residential, LLC (HQ)"
0033j00003gUIzWAAW,Review,"Potential Account Match: Pegasus Residential, LLC (HQ)"
0033j00003gTw9WAAS,Review,"Potential Account Match: Pegasus Residential, LLC (HQ)"
0033j00003gU0lmAAC,Review,"Potential Account Match: Wehner Multifamily, LLC (HQ)"
0033j00003OQgwYAAT,Review,"Potential Account Match: Dominion Partners, LLC (HQ)"
0033j0000419nepAAA,Review,"Potential Account Match: California Commercial Investment Group (HQ)"
0033j0000419nWwAAI,Review,"Potential Account Match: California Commercial Investment Group (HQ)"
0033j00003ipNNRAA2,Review,"Potential Account Match: California Commercial Investment Group (HQ)"
0033j00003gTwbRAAS,Review,"Potential Account Match: AIY Properties, Inc (HQ)"
0033j00003gTrvFAAS,Review,"Potential Account Match: RKW Residential (HQ)"
0033j00003gTvIoAAK,Review,"Potential Account Match: RKW Residential (HQ)"
0033j00003xlCqmAAE,Review,"Potential Account Match: Kittle Property Group, Inc. (HQ)"
0033j00003gUKF1AAO,Review,"Potential Account Match: WRH Realty Services, Inc. (HQ)"
0033j00003gUOlMAAW,Review,"Potential Account Match: WRH Realty Services, Inc. (HQ)"
0033j00003fBWuZAAW,Review,"Potential Account Match: SKY Properties Inc (HQ)"
0033j000041A9aGAAS,Review,"Potential Account Match: Affinity Property Management (HQ)"
0033j000041AHLGAA4,Review,"Potential Account Match: Travis Hyde Properties (HQ)"
0033j00003gSgT2AAK,Review,"Potential Account Match: Billingsley Co. (HQ)"
0033j00003gTqc6AAC,Review,"Potential Account Match: Foresite Realty Partners, LLC (HQ)"
0032A00002b6hAwQAI,Review,"Potential Account Match: University of Pittsburgh Housing (HQ)"
0032A00002b6hAxQAI,Review,"Potential Account Match: University of Pittsburgh Housing (HQ)"
0032A00002b6hAzQAI,Review,"Potential Account Match: University of Pittsburgh Housing (HQ)"
0032A00002b6hAyQAI,Review,"Potential Account Match: University of Pittsburgh Housing (HQ)"
0033j00003OOQ2eAAH,Review,"Potential Account Match: Pendergraph Management Company, LLC (HQ)"
0033j00002OEOy2AAH,Review,"Potential Account Match: AOG Living (HQ)"
0033j00003gUJN9AAO,Review,"Potential Account Match: AOG Living (HQ)"
0033j000041AEuzAAG,Review,"Potential Account Match: Tiehen Group (HQ)"
0033j00003gUKKCAA4,Review,"Potential Account Match: Intermark Management Corporation (HQ)"
0033j00003gUE74AAG,Review,"Potential Account Match: Intermark Management Corporation (HQ)"
0033j00003gTrFZAA0,Review,"Potential Account Match: Intermark Management Corporation (HQ)"
0033j00003gTukLAAS,Review,"Potential Account Match: Intermark Management Corporation (HQ)"
0033j00003gTqWJAA0,Review,"Potential Account Match: Intermark Management Corporation (HQ)"
0033j00003gTsYDAA0,Review,"Potential Account Match: Intermark Management Corporation (HQ)"
0033j00003gTpy5AAC,Review,"Potential Account Match: MGI Communities (Powell)"
0033j00003gTzWSAA0,Review,"Potential Account Match: MGI Communities (Powell)"
0033j00003gTvVBAA0,Review,"Potential Account Match: Dominium Management Services (HQ)"
0033j00003gTpTdAAK,Review,"Potential Account Match: MVAH Partners"
0033j00003gTntlAAC,Review,"Potential Account Match: MVAH Partners"
0033j00003gUPCuAAO,Review,"Potential Account Match: MVAH Partners"
0033j00003gUEivAAG,Review,"Potential Account Match: MVAH Partners"
0033j00003gUPgtAAG,Review,"Potential Account Match: Real Property Management, Inc (Redding)"
0033j00003gTrRHAA0,Review,"Potential Account Match: Real Property Management, Inc (Redding)"
0033j00003gToiTAAS,Review,"Potential Account Match: Real Property Management, Inc (Redding)"
0032A00002b6hDuQAI,Review,"Potential Account Match: MAC Property Management (HQ)"
0033j00003gTnaGAAS,Review,"Potential Account Match: Housing Management Resources Inc. (HQ)"
0032A00002b6hDpQAI,Review,"Potential Account Match: Moss & Company (HQ)"
0033j00003gU0a5AAC,Review,"Potential Account Match: GoldOller Real Estate Investments (Philadelphia)"
0033j00003gUEbFAAW,Review,"Potential Account Match: GoldOller Real Estate Investments (Philadelphia)"
0033j00003gTpCoAAK,Review,"Potential Account Match: GoldOller Real Estate Investments (Philadelphia)"
0033j00003gUObHAAW,Review,"Potential Account Match: Grady Management, Inc. (HQ)"
0033j00003gTwZxAAK,Review,"Potential Account Match: Ray Brown Properties (HQ)"
0033j00003gTok8AAC,Review,"Potential Account Match: Ray Brown Properties (HQ)"
0033j000041AEWEAA4,Review,"Potential Account Match: Louisville Metro Housing Authority (HQ)"
0033j00003gUJorAAG,Review,"Potential Account Match: Oldham Goodwin Group (HQ)"
0033j00003gTvaCAAS,Review,"Potential Account Match: Oldham Goodwin Group (HQ)"
0033j00003gTokeAAC,Review,"Potential Account Match: Oldham Goodwin Group (HQ)"
0033j00003gTvImAAK,Review,"Potential Account Match: OneStreet Residential (HQ)"
0033j00003gToYHAA0,Review,"Potential Account Match: OneStreet Residential (HQ)"
0033j00003gTtGEAA0,Review,"Potential Account Match: OneStreet Residential (HQ)"
0033j00003gUPohAAG,Review,"Potential Account Match: NeighborWorks Alaska (HQ)"
0033j00003gTyg2AAC,Review,"Potential Account Match: Forest Properties Management (HQ)"
0033j00003gTwm1AAC,Review,"Potential Account Match: Forest Properties Management (HQ)"
0033j00003gTqOTAA0,Review,"Potential Account Match: Hill Properties"
0033j00003gTqgWAAS,Review,"Potential Account Match: Hill Properties"
0033j00003gTx9hAAC,Review,"Potential Account Match: Mac Lamar Management (HQ)"
0033j00003gToGdAAK,Review,"Potential Account Match: Torrington Properties (HQ)"
0033j000041AEpzAAG,Review,"Potential Account Match: Beal Properties (HQ)"
0033j000041AHBBAA4,Review,"Potential Account Match: Roundhouse Group (HQ)"
0033j000041AHGLAA4,Review,"Potential Account Match: Roundhouse Group (HQ)"
0033j00003gUBagAAG,Review,"Potential Account Match: Roundhouse Group (HQ)"
0033j00003gTqKKAA0,Review,"Potential Account Match: Roundhouse Group (HQ)"
0033j000041AEsUAAW,Review,"Potential Account Match: Bedrock Detroit LLC (HQ)"
0033j000041AEoiAAG,Review,"Potential Account Match: LR Management Services Corporation (HQ)"
0033j000041AIDyAAO,Review,"Potential Account Match: Tesco Properties, Inc. (HQ)"
0032A00002b6hB6QAI,Review,"Potential Account Match: KSU Housing Foundation (HQ)"
003Rh00000XP0coIAD,Review,"Potential Account Match: Roers Companies (HQ)"
0033j00003gTy33AAC,Review,"Potential Account Match: United Group (HQ)"
0033j000041AEZ8AAO,Review,"Potential Account Match: KCG Companies, Inc."
0033j000041AERtAAO,Review,"Potential Account Match: KCG Companies, Inc."
0033j00003ipWAqAAM,Review,"Potential Account Match: Westrom Group"
003F000001MsotFIAR,Review,"Potential Account Match: Steve Brown Apartments (HQ)"
0033j00003gTpy6AAC,Review,"Potential Account Match: Itex Group (HQ)"
0033j00003gUKKIAA4,Review,"Potential Account Match: Itex Group (HQ)"
0033j00003gTqFHAA0,Review,"Potential Account Match: Itex Group (HQ)"
0033j00003gUOaTAAW,Review,"Potential Account Match: Itex Group (HQ)"
0033j00003gUBfmAAG,Review,"Potential Account Match: Itex Group (HQ)"
0033j00003gUPuoAAG,Review,"Potential Account Match: Itex Group (HQ)"
0033j00003gTzhYAAS,Review,"Potential Account Match: Itex Group (HQ)"
0033j00003gTsoyAAC,Review,"Potential Account Match: Itex Group (HQ)"
0033j00003gTwxkAAC,Review,"Potential Account Match: NOVO Properties (HQ)"
0033j00003gUJxsAAG,Review,"Potential Account Match: Sinatra & Company (HQ)"
0033j00003gTv7pAAC,Review,"Potential Account Match: Greenwood Star"
0033j00003gUPV1AAO,Review,"Potential Account Match: JL Gray Company (HQ)"
003F000001S5FO2IAN,Review,"Potential Account Match: Epicity Real Estate (HQ)"
0033j000041AHeIAAW,Review,"Potential Account Match: Samaritas (HQ)"
0033j00003gUOmlAAG,Review,"Potential Account Match: Equity Real Estate (HQ)"
0033j000041AEVLAA4,Review,"Potential Account Match: W. H. Long Companies (HQ)"
0033j000041AEXWAA4,Review,"Potential Account Match: W. H. Long Companies (HQ)"
0033j00003gTvrbAAC,Review,"Potential Account Match: BSR Reit LLC (HQ)"
0033j00003gTvJnAAK,Review,"Potential Account Match: Leuven Group (HQ)"
0033j00003gUEEJAA4,Review,"Potential Account Match: PM Residential Management, LLC (HQ)"
0033j00003gTncfAAC,Review,"Potential Account Match: Paragon Residential Management, LLC (HQ)"
0033j000041AEaQAAW,Review,"Potential Account Match: Community Management Services, Inc (HQ)"
0033j000041AEW4AAO,Review,"Potential Account Match: Community Management Services, Inc (HQ)"
0033j00003gTtItAAK,Review,"Potential Account Match: Hirschfeld Management, Inc. (White Marsh)"
0033j00003gTGT9AAO,Review,"Potential Account Match: Goodman Real Estate   (HQ)"
0033j00003gTpg5AAC,Review,"Potential Account Match: Heritage Properties (HQ)"
0033j00003gTxmtAAC,Review,"Potential Account Match: Heritage Properties (HQ)"
0033j000041AEtcAAG,Review,"Potential Account Match: Jewish Senior Life Management (HQ)"
0033j000041AEXlAAO,Review,"Potential Account Match: Advantix Development Corporation (HQ)"
0033j000041AIUVAA4,Review,"Potential Account Match: Goodale & Barbieri Company (HQ)"
0033j00003YL5eLAAT,Review,"Potential Account Match: Goldleaf Development (HQ)"
0033j000041AEppAAG,Review,"Potential Account Match: Stratford Group (HQ)"
0033j000041AGf5AAG,Review,"Potential Account Match: Stratford Group (HQ)"
0033j00003gTxW9AAK,Review,"Potential Account Match: Celebration Village"
0033j00003gTsXHAA0,Review,"Potential Account Match: Asset Living (Fort Smith)"
0033j00003gTpGzAAK,Review,"Potential Account Match: Asset Living (Fort Smith)"
0033j00003gTr3lAAC,Review,"Potential Account Match: RangeWater Real Estate (HQ)"
0033j00003gUOZTAA4,Review,"Potential Account Match: Panco Management (HQ)"
0033j00003gTqbCAAS,Review,"Potential Account Match: Panco Management (HQ)"
0033j00003gUPyVAAW,Review,"Potential Account Match: The Worthing Companies"
0033j00003gTxwyAAC,Review,"Potential Account Match: The Worthing Companies"
0033j00003u2SxDAAU,Review,"Potential Account Match: The Bronzeville Vincennes"
0033j00003gTxicAAC,Review,"Potential Account Match: Harmony Group Capital, LLC"
0033j000041AESlAAO,Review,"Potential Account Match: Greencroft Communities (HQ)"
0033j00003gUIqmAAG,Review,"Potential Account Match: Lindsey Management Company (HQ)"
0033j00003gUK3JAAW,Review,"Potential Account Match: Independence Realty Trust"
0033j00003gTyPQAA0,Review,"Potential Account Match: Jones Street Investment Partners"
0033j000041ADyKAAW,Review,"Potential Account Match: AHEP National Housing Corporation (HQ)"
0033j000041AESgAAO,Review,"Potential Account Match: AHEP National Housing Corporation (HQ)"
0033j00003gTrcbAAC,Review,"Potential Account Match: Eagle Rock Management (Plainview)"
0033j00003gTzasAAC,Review,"Potential Account Match: Hometeam Properties (HQ)"
0033j00003gTqmQAAS,Review,"Potential Account Match: Hometeam Properties (HQ)"
0033j00003gTvESAA0,Review,"Potential Account Match: Senior Housing Options, Inc. (HQ)"
0033j00003gTyxSAAS,Review,"Potential Account Match: MSC Investments (HQ)"
0033j00003gTnPmAAK,Review,"Potential Account Match: GRT Property Management (HQ)"
0033j00003gTxbiAAC,Review,"Potential Account Match: GRT Property Management (HQ)"
0033j00003OQzCFAA1,Review,"Potential Account Match: Metro West Housing Solutions (HQ)"
0033j000041AEU8AAO,Review,"Potential Account Match: Buisson Investment Corporation (HQ)"
0033j000041AEZXAA4,Review,"Potential Account Match: CFC Properties (HQ)"
0033j00003gU0f5AAC,Review,"Potential Account Match: Berkshire Residential Investments (San Francisco)"
0033j000041AESbAAO,Review,"Potential Account Match: Soundview Equities LLC (HQ)"
0033j000041AETjAAO,Review,"Potential Account Match: Bradley Company (HQ)"
0033j000041AEa1AAG,Review,"Potential Account Match: Bradley Company (HQ)"
0033j00003gU0agAAC,Review,"Potential Account Match: Eenhoorn, LLC (HQ)"
0032A00002b6hDwQAI,Review,"Potential Account Match: Metropolitan America (HQ)"
0033j00003gTopeAAC,Review,"Potential Account Match: Geis Property Management LLC (HQ)"
0033j00003gTnfsAAC,Review,"Potential Account Match: CAPREIT Management (HQ)"
0033j00003gTs5hAAC,Review,"Potential Account Match: CAPREIT Management (HQ)"
0033j00003gTylpAAC,Review,"Potential Account Match: Provence Real Estate (HQ)"
0033j00003gUPO8AAO,Review,"Potential Account Match: Provence Real Estate (HQ)"
0033j00003gTt6oAAC,Review,"Potential Account Match: KRI Properties, Inc. (HQ)"
0032A00002b6hE1QAI,Review,"Potential Account Match: Prime Urban Properties (HQ)"
0033j00003gUKRXAA4,Review,"Potential Account Match: Link Property Management (HQ)"
0033j00003u2ZtFAAU,Review,"Potential Account Match: ResProp Management"
0033j000041AEyIAAW,Review,"Potential Account Match: Story Point Senior Living (HQ)"
0033j00003gTzyMAAS,Review,"Potential Account Match: Real Capital Group LLC"
0033j00003gUJ78AAG,Review,"Potential Account Match: Capstone on Campus Management, LLC (Vestavia Hills)"
0033j00003gTxgpAAC,Review,"Potential Account Match: Harbor Management (HQ)"
0033j00003ke8J2AAI,Review,"Potential Account Match: Advanced Management Group (HQ)"
003F000001grDiHIAU,Review,"Potential Account Match: Coachlight Communities, LLC (HQ)"
0033j00003gTzfNAAS,Review,"Potential Account Match: Young Management Corporation (HQ)"
0033j00003gUQ8HAAW,Review,"Potential Account Match: Dolben Company (HQ)"
0033j00003gTp1GAAS,Review,"Potential Account Match: Dolben Company (HQ)"
0033j00003gTuBpAAK,Review,"Potential Account Match: Dolben Company (HQ)"
0033j00003gU0gzAAC,Review,"Potential Account Match: Promark Partners (HQ)"
0033j00003gTnKCAA0,Review,"Potential Account Match: Pinnacle Homestead Management Inc (HQ)"
0032A00002Xq5smQAB,Review,"Potential Account Match: Robert Hancock & Co. (HQ)"
0033j00003gTqzTAAS,Review,"Potential Account Match: Covenant Property Services"
0033j000041A7cxAAC,Review,"Potential Account Match: Zidan Management Group (HQ)"
0033j00003gTz8WAAS,Review,"Potential Account Match: Global Ministries Fellowship"
0033j00003gTrWrAAK,Review,"Potential Account Match: Tarantino Properties, Inc. (HQ)"
0033j00003gTpUjAAK,Review,"Potential Account Match: Tarantino Properties, Inc. (HQ)"
003Rh00000XP08VIAT,Review,"Potential Account Match: Titan Corp (HQ)"
0033j00003gTnUcAAK,Review,"Potential Account Match: Franchi Management Company, Inc (HQ)"
0033j00003gUBOkAAO,Review,"Potential Account Match: Alliance Residential Company"
0033j00003FeifKAAR,Review,"Potential Account Match: Alliance Residential Company"
0033j000041AHCdAAO,Review,"Potential Account Match: ISM Management Company (HQ)"
0033j000041AHdAAAW,Review,"Potential Account Match: CSI Support & Development (HQ)"
0033j00003gUK9yAAG,Review,"Potential Account Match: Hadler Real Estate Management, Inc. (HQ)"
0033j00003gU0PbAAK,Review,"Potential Account Match: Associated Management (HQ)"
0033j00003gTvPlAAK,Review,"Potential Account Match: Associated Management (HQ)"
0033j000041AEYUAA4,Review,"Potential Account Match: House Investments (HQ)"
0032A00002b6hDsQAI,Review,"Potential Account Match: Rockford Construction (HQ)"
0033j00003gU0haAAC,Review,"Potential Account Match: Brown Investment Properties (HQ)"
0033j00003gTwwGAAS,Review,"Potential Account Match: Mayfair Management Group (HQ)"
0033j00003gTvJ3AAK,Review,"Potential Account Match: Alexander Properties Group (HQ)"
0032A00002dUDCtQAO,Review,"Potential Account Match: Henderson Property Management (HQ)"
0033j00003u01OGAAY,Review,"Potential Account Match: Fairstead (HQ)"
0033j00003u08AQAAY,Review,"Potential Account Match: Fairstead (HQ)"
0033j000041AES2AAO,Review,"Potential Account Match: Blackburn Property Management (HQ)"
0033j00003gTtT2AAK,Review,"Potential Account Match: Gables Residential (HQ)"
0033j00003gUEQvAAO,Review,"Potential Account Match: Gables Residential (HQ)"
0033j00003gU0knAAC,Review,"Potential Account Match: Gables Residential (HQ)"
0033j00002NMGOMAA5,Review,"Potential Account Match: Grail Management Group (Orlando)"
0033j000041A6lVAAS,Review,"Potential Account Match: Burkhalter Commercial Group (HQ)"
0033j00003q4CxFAAU,Review,"Potential Account Match: MCM Property Management (HQ)"
0033j00003gTovEAAS,Review,"Potential Account Match: CSRE Management (HQ)"
0033j00003gTujkAAC,Review,"Potential Account Match: Thrive Communities, LLC (HQ)"
0033j00003gTKiQAAW,Review,"Potential Account Match: Northwest Real Estate Capital Corp. (HQ)"
0033j00003yqlysAAA,Review,"Potential Account Match: Irvine Company (HQ)"
003F000001eux8hIAA,Review,"Potential Account Match: Gates Hudson  (HQ)"
0033j00003gUOezAAG,Review,"Potential Account Match: The Aspenwood Company (HQ)"
0033j000041AERsAAO,Review,"Potential Account Match: J.C. Hart Company, Inc (HQ)"
0033j000041AETFAA4,Review,"Potential Account Match: Haven Residential"
0033j00003gTwtLAAS,Review,"Potential Account Match: Bonner Carrington (HQ)"
003Rh00000XP0lIIAT,Review,"Potential Account Match: Optima, Inc."
0033j00003gTs5HAAS,Review,"Potential Account Match: Wellington Advisors (HQ)"
0033j000041AHKmAAO,Review,"Potential Account Match: The Michaels Organization (HQ)"
0033j000041AHLLAA4,Review,"Potential Account Match: The Michaels Organization (HQ)"
0033j00003ze3KlAAI,Review,"Potential Account Match: Chamberlin & Associates"
0033j00003gTtozAAC,Review,"Potential Account Match: PRG Real Estate Management (HQ)"
0032A00002b6hC2QAI,Review,"Potential Account Match: AV Homes LLC (HQ)"
0033j00003gTnrjAAC,Review,"Potential Account Match: Carlisle Apartments, Inc. (HQ)"
0033j00003gTvKyAAK,Review,"Potential Account Match: ZG Properties (Pepper Pike)"
0033j00003gTt7XAAS,Review,"Potential Account Match: ZG Properties (Pepper Pike)"
0033j00003gTnceAAC,Review,"Potential Account Match: Dalad Group (HQ)"
0033j00003gTuryAAC,Review,"Potential Account Match: Drucker + Falk"
0033j00003gTx2UAAS,Review,"Potential Account Match: TriArc Real Estate Partners (HQ)"
0032A00002b6hEEQAY,Review,"Potential Account Match: Ogden & Company (HQ)"
0032A00002b6hDrQAI,Review,"Potential Account Match: Intrepid Professional Group (HQ)"
0033j000041AEsoAAG,Review,"Potential Account Match: Oxford Companies (HQ)"
0033j000041AEpGAAW,Review,"Potential Account Match: Oxford Companies (HQ)"
0033j00003gTvaWAAS,Review,"Potential Account Match: American Apartment Management Company Inc (HQ)"
0032A000039MwfmQAC,Review,"Potential Account Match: CSM Corporation (HQ)"
0033j00003gTzlsAAC,Review,"Potential Account Match: Paths Management Services (New York)"
0033j00003gUEgsAAG,Review,"Potential Account Match: Catholic Charities Housing  (Denver)"
0033j00003gU0J3AAK,Review,"Potential Account Match: Ovation Realty Management LLC (Tampa)"
0033j00003gToRSAA0,Review,"Potential Account Match: RHM Real Estate Group (HQ)"
0033j00003gU0a9AAC,Review,"Potential Account Match: ECI Group (HQ)"
0033j00003gSyg2AAC,Review,"Potential Account Match: H2 Real Estate (HQ)"
0033j00003gTpyNAAS,Review,"Potential Account Match: Beztak Properties (HQ)"
0033j00003gUPw0AAG,Review,"Potential Account Match: Kenco Apartment Communities (HQ)"
0033j00003gU6LBAA0,Review,"Potential Account Match: Nelkin Real Estate (HQ)"
0033j00003gTvWYAA0,Review,"Potential Account Match: Harvest Properties (HQ)"
0033j00003gTpfaAAC,Review,"Potential Account Match: Tricap Residential Group (HQ)"
0033j000041AHfuAAG,Review,"Potential Account Match: American House Senior Living Communities (HQ)"
0033j00003kfy1xAAA,Review,"Potential Account Match: Bond Companies"