Id,Clean_Status__c,Delete_Reason__c,In_HubSpot_Not_Inclusion_List__c,Sync_Status__c
0032A00002Oa0FBQAZ,OK,,false,Not Synced
0032A00002Oa0cjQAB,OK,,false,Not Synced
0032A00002OvFZdQAN,Review,,false,Not Synced
0032A00002OvIdtQAF,OK,,false,Not Synced
0032A00002OvKY7QAN,OK,,false,Not Synced
0032A00002OvYtlQAF,OK,,false,Not Synced
0032A00002Ow8HTQAZ,OK,,false,Not Synced
0032A00002OwAo5QAF,Review,,false,Not Synced
0032A00002OxlvyQAB,Review,,false,Not Synced
0032A00002OyLukQAF,Review,,false,Not Synced
0032A00002OyPU2QAN,OK,,false,Not Synced
0032A00002OyYfZQAV,OK,,false,Not Synced
0032A00002OyZ7bQAF,OK,,false,Not Synced
0032A00002Oyan4QAB,OK,,false,Not Synced
0032A00002Oyz1OQAR,OK,,false,Not Synced
0032A00002OyzIKQAZ,OK,,false,Not Synced
0032A00002PTQHoQAP,Delete,No Email,false,Not Synced
0032A00002PTTWIQA5,OK,,false,Not Synced
0032A00002PTUBpQAP,Review,,false,Not Synced
0032A00002PTVORQA5,OK,,false,Not Synced
0032A00002PTVtnQAH,OK,,false,Not Synced
0032A00002PU2p5QAD,Review,,false,Not Synced
0032A00002PU2pPQAT,Review,,false,Not Synced
0032A00002PU4QMQA1,OK,,false,Not Synced
0032A00002PU4XcQAL,OK,,false,Not Synced
0032A00002PUAM6QAP,Review,,false,Not Synced
0032A00002PUMOHQA5,Review,,false,Not Synced
0032A00002PUNu0QAH,Review,,false,Not Synced
0032A00002PVAHRQA5,OK,,false,Not Synced
0032A00002PVAJcQAP,OK,,false,Not Synced
0032A00002PVBvIQAX,OK,,false,Not Synced
0032A00002PVmqZQAT,Review,,false,Not Synced
0032A00002PVmrXQAT,Review,,false,Not Synced
0032A00002PW6KUQA1,Review,,false,Not Synced
0032A00002PWS30QAH,Delete,No Email,false,Not Synced
0032A00002QD2CoQAL,Review,,false,Not Synced
0032A00002QD5QoQAL,Review,,false,Not Synced
0032A00002QD7EGQA1,OK,,false,Not Synced
0032A00002QD7U0QAL,OK,,false,Not Synced
0032A00002QD7lVQAT,Review,,false,Not Synced
0032A00002QDO5BQAX,OK,,false,Not Synced
0032A00002QDmtSQAT,Review,,false,Not Synced
0032A00002QE15UQAT,OK,,false,Not Synced
0032A00002QEFndQAH,OK,,false,Not Synced
0032A00002QEKCbQAP,Review,,false,Not Synced
0032A00002QEwdUQAT,OK,,false,Not Synced
0032A00002QF4dKQAT,OK,,false,Not Synced
0032A00002QFKwVQAX,OK,,false,Not Synced
0032A00002QFNp7QAH,Review,,false,Not Synced
0032A00002QFZHNQA5,OK,,false,Not Synced
0032A00002QFdEYQA1,OK,,false,Not Synced
0032A00002QFtLpQAL,OK,,false,Not Synced
0032A00002QFvsVQAT,Review,,false,Not Synced
0032A00002QFw4qQAD,Review,,false,Not Synced
0032A00002QFxhXQAT,OK,,false,Not Synced
0032A00002QGAklQAH,OK,,false,Not Synced
0032A00002QGCprQAH,OK,,false,Not Synced
0032A00002QGuFBQA1,OK,,false,Not Synced
0032A00002RDuybQAD,OK,,false,Not Synced
0032A00002RDxKaQAL,OK,,false,Not Synced
0032A00002RE9nfQAD,OK,,false,Not Synced
0032A00002REA2pQAH,OK,,false,Not Synced
0032A00002RECM3QAP,OK,,false,Not Synced
0032A00002REPQ2QAP,OK,,false,Not Synced
0032A00002REQcAQAX,Review,,false,Not Synced
0032A00002REQv7QAH,OK,,false,Not Synced
0032A00002REQwAQAX,OK,,false,Not Synced
0032A00002RESSRQA5,Review,,false,Not Synced
0032A00002RESlsQAH,OK,,false,Not Synced
0032A00002RET1WQAX,OK,,false,Not Synced
0032A00002REXfVQAX,OK,,false,Not Synced
0032A00002REXioQAH,OK,,false,Not Synced
0032A00002REY0tQAH,Review,,false,Not Synced
0032A00002REYPxQAP,Delete,No Email,false,Not Synced
0032A00002REiuhQAD,OK,,false,Not Synced
0032A00002REk2NQAT,Review,,false,Not Synced
0032A00002REkuKQAT,Review,,false,Not Synced
0032A00002REkv3QAD,Review,,false,Not Synced
0032A00002REm6gQAD,Delete,No Email,false,Not Synced
0032A00002REmBbQAL,Delete,No Email,false,Not Synced
0032A00002RGK6WQAX,OK,,false,Not Synced
0032A00002RGMiFQAX,OK,,false,Not Synced
0032A00002RGQZrQAP,Review,,false,Not Synced
0032A00002RGQbTQAX,OK,,false,Not Synced
0032A00002RGTbWQAX,OK,,false,Not Synced
0032A00002RGgg8QAD,Review,,false,Not Synced
0032A00002RGtOvQAL,OK,,false,Not Synced
0032A00002RGtPZQA1,OK,,false,Not Synced
0032A00002RGuUzQAL,OK,,false,Not Synced
0032A00002RGwTKQA1,OK,,false,Not Synced
0032A00002RGwdeQAD,Review,,false,Not Synced
0032A00002RGyV2QAL,Review,,false,Not Synced
0032A00002RGyWtQAL,Review,,false,Not Synced
0032A00002RGynLQAT,OK,,false,Not Synced
0032A00002RHA6DQAX,OK,,false,Not Synced
0032A00002RHAaTQAX,OK,,false,Not Synced
0032A00002RHBzzQAH,Review,,false,Not Synced
0032A00002RHC1WQAX,Review,,false,Not Synced
0032A00002RHExYQAX,OK,,false,Not Synced
0032A00002RHEzeQAH,OK,,false,Not Synced
0032A00002RHSLKQA5,OK,,false,Not Synced
0032A00002RHT3IQAX,Review,,false,Not Synced
0032A00002RHTJ5QAP,Review,,false,Not Synced
0032A00002RHY1rQAH,OK,,false,Not Synced
0032A00002RJyo2QAD,Review,,false,Not Synced
0032A00002RK2GaQAL,Review,,false,Not Synced
0032A00002RK4mJQAT,Review,,false,Not Synced
0032A00002RK4q1QAD,Review,,false,Not Synced
0032A00002RK4umQAD,Review,,false,Not Synced
0032A00002RK9h0QAD,Review,,false,Not Synced
0032A00002RKAeMQAX,Review,,false,Not Synced
0032A00002RKc6KQAT,OK,,false,Not Synced
0032A00002RKeYmQAL,Review,,false,Not Synced
0032A00002RKftvQAD,Review,,false,Not Synced
0032A00002RKhFTQA1,Review,,false,Not Synced
0032A00002RKl03QAD,OK,,false,Not Synced
0032A00002RKn3XQAT,Review,,false,Not Synced
0032A00002RKn9zQAD,Review,,false,Not Synced
0032A00002RKnJMQA1,Review,,false,Not Synced
0032A00002RKrQQQA1,OK,,false,Not Synced
0032A00002RKsytQAD,OK,,false,Not Synced
0032A00002RlUwNQAV,OK,,false,Not Synced
0032A00002RlZchQAF,OK,,false,Not Synced
0032A00002Rla50QAB,OK,,false,Not Synced
0032A00002RlpL0QAJ,Review,,false,Not Synced
0032A00002RlqfUQAR,Review,,false,Not Synced
0032A00002RlqhVQAR,OK,,false,Not Synced
0032A00002Rlqs4QAB,Review,,false,Not Synced
0032A00002Rlro5QAB,Review,,false,Not Synced
0032A00002RlsNtQAJ,OK,,false,Not Synced
0032A00002Rm5bLQAR,OK,,false,Not Synced
0032A00002Rm8D9QAJ,OK,,false,Not Synced
0032A00002Rm8hyQAB,OK,,false,Not Synced
0032A00002Rm8yLQAR,Review,,false,Not Synced
0032A00002Rm9fjQAB,Review,,false,Not Synced
0032A00002RmA2QQAV,OK,,false,Not Synced
0032A00002RmAYZQA3,OK,,false,Not Synced
0032A00002RmBLqQAN,OK,,false,Not Synced
0032A00002RmJg9QAF,OK,,false,Not Synced
0032A00002RmLAPQA3,OK,,false,Not Synced
0032A00002RmNQpQAN,Review,,false,Not Synced
0032A00002RmNW3QAN,Review,,false,Not Synced
0032A00002RmNuBQAV,Review,,false,Not Synced
0032A00002RmOSDQA3,OK,,false,Not Synced
0032A00002RmPONQA3,OK,,false,Not Synced
0032A00002RmQCRQA3,Review,,false,Not Synced
0032A00002RmQDPQA3,Review,,false,Not Synced
0032A00002Rmb8yQAB,OK,,false,Not Synced
0032A00002Rmbw5QAB,OK,,false,Not Synced
0032A00002RmcETQAZ,Review,,false,Not Synced
0032A00002S2weSQAR,OK,,false,Not Synced
0032A00002S2yqwQAB,OK,,false,Not Synced
0032A00002S2zVnQAJ,Review,,false,Not Synced
0032A00002S30D1QAJ,Review,,false,Not Synced
0032A00002S34rbQAB,Review,,false,Not Synced
0032A00002S34y1QAB,Review,,false,Not Synced
0032A00002S3VuDQAV,OK,,false,Not Synced
0032A00002S3XEvQAN,OK,,false,Not Synced
0032A00002S3YbeQAF,OK,,false,Not Synced
0032A00002S3g9tQAB,Review,,false,Not Synced
0032A00002S47ddQAB,OK,,false,Not Synced
0032A00002S47wfQAB,OK,,false,Not Synced
0032A00002S4HMbQAN,Review,,false,Not Synced
0032A00002S4Ne8QAF,OK,,false,Not Synced
0032A00002S4m7XQAR,Review,,false,Not Synced
0032A00002S4q19QAB,OK,,false,Not Synced
0032A00002S4rYTQAZ,OK,,false,Not Synced
0032A00002S4rZlQAJ,OK,,false,Not Synced
0032A00002S5DFEQA3,Review,,false,Not Synced
0032A00002S5DSNQA3,Review,,false,Not Synced
0032A00002S5RZYQA3,OK,,false,Not Synced
0032A00002S5SEBQA3,OK,,false,Not Synced
0032A00002S5XIDQA3,OK,,false,Not Synced
0032A00002S5Z54QAF,OK,,false,Not Synced
0032A00002S5ZoiQAF,OK,,false,Not Synced
0032A00002SF01dQAD,OK,,false,Not Synced
0032A00002SF1lIQAT,Review,,false,Not Synced
0032A00002SF20IQAT,OK,,false,Not Synced
0032A00002SF3SSQA1,Delete,No Email,false,Not Synced
0032A00002SF3riQAD,OK,,false,Not Synced
0032A00002SF5Z1QAL,Review,,false,Not Synced
0032A00002SF5cAQAT,Review,,false,Not Synced
0032A00002SF81WQAT,Delete,No Email,false,Not Synced
0032A00002SFDkbQAH,OK,,false,Not Synced
0032A00002SFDmXQAX,OK,,false,Not Synced
0032A00002SFEEbQAP,OK,,false,Not Synced
0032A00002SFGiuQAH,OK,,false,Not Synced
0032A00002SFs5QQAT,Review,,false,Not Synced
0032A00002SFsC2QAL,Review,,false,Not Synced
0032A00002SFvbUQAT,OK,,false,Not Synced
0032A00002SGJu5QAH,Review,,false,Not Synced
0032A00002SGLuRQAX,Review,,false,Not Synced
0032A00002SGSF2QAP,OK,,false,Not Synced
0032A00002SGVr9QAH,OK,,false,Not Synced
0032A00002SGaK6QAL,OK,,false,Not Synced
0032A00002SGbJrQAL,OK,,false,Not Synced
0032A00002SGyYTQA1,OK,,false,Not Synced
0032A00002SGzagQAD,OK,,false,Not Synced
0032A00002SH7vdQAD,Review,,false,Not Synced
0032A00002SHAeEQAX,OK,,false,Not Synced
0032A00002SHBahQAH,Review,,false,Not Synced
0032A00002SHDAMQA5,OK,,false,Not Synced
0032A00002SHDMhQAP,OK,,false,Not Synced
0032A00002SHDfoQAH,OK,,false,Not Synced
0032A00002SIVY9QAP,OK,,false,Not Synced
0032A00002SIVbIQAX,OK,,false,Not Synced
0032A00002Sa2EjQAJ,Review,,false,Not Synced
0032A00002Sa2PcQAJ,Review,,false,Not Synced
0032A00002Sb1KeQAJ,Review,,false,Not Synced
0032A00002Sc1ISQAZ,OK,,false,Not Synced
0032A00002ScVWxQAN,OK,,false,Not Synced
0032A00002SeUmkQAF,OK,,false,Not Synced
0032A00002SeVlkQAF,Review,,false,Not Synced
0032A00002SeVxbQAF,Review,,false,Not Synced
0032A00002SeZ3hQAF,Delete,No Email,false,Not Synced
0032A00002SevCBQAZ,Review,,false,Not Synced
0032A00002SewBOQAZ,Review,,false,Not Synced
0032A00002SezfqQAB,OK,,false,Not Synced
0032A00002SezwFQAR,Review,,false,Not Synced
0032A00002Sf5ttQAB,OK,,false,Not Synced
0032A00002Sf8XVQAZ,OK,,false,Not Synced
0032A00002Sf9WTQAZ,Review,,false,Not Synced
0032A00002SfCIKQA3,Review,,false,Not Synced
0032A00002SfCONQA3,Review,,false,Not Synced
0032A00002SfCm5QAF,Review,,false,Not Synced
0032A00002SfCq2QAF,Review,,false,Not Synced
0032A00002SfCrZQAV,Review,,false,Not Synced
0032A00002SfCtVQAV,Review,,false,Not Synced
0032A00002SfCvgQAF,Review,,false,Not Synced
0032A00002SfDLyQAN,Review,,false,Not Synced
0032A00002SfDl3QAF,Review,,false,Not Synced
0032A00002SfDxeQAF,Review,,false,Not Synced
0032A00002SfEG1QAN,Review,,false,Not Synced
0032A00002SfcyFQAR,Review,,false,Not Synced
0032A00002Sfd0kQAB,Review,,false,Not Synced
0032A00002Sfd5aQAB,Review,,false,Not Synced
0032A00002Sfd7gQAB,Review,,false,Not Synced
0032A00002SfjHTQAZ,OK,,false,Not Synced
0032A00002SfmZYQAZ,OK,,false,Not Synced
0032A00002Sg6baQAB,Delete,No Email,false,Not Synced
0032A00002Sg9ASQAZ,Delete,No Email,false,Not Synced
0032A00002SgIdBQAV,OK,,false,Not Synced
0032A00002Smxo1QAB,OK,,false,Not Synced
0032A00002Sn0IpQAJ,OK,,false,Not Synced
0032A00002Sn7MSQAZ,Review,,false,Not Synced
0032A00002Sn7qDQAR,Review,,false,Not Synced
0032A00002SnVHsQAN,OK,,false,Not Synced
0032A00002SnXCfQAN,Review,,false,Not Synced
0032A00002SnXVmQAN,Review,,false,Not Synced
0032A00002SnXsWQAV,Review,,false,Not Synced
0032A00002SpoKnQAJ,OK,,false,Not Synced
0032A00002Spu5hQAB,OK,,false,Not Synced
0032A00002SpuBNQAZ,Review,,false,Not Synced
0032A00002SqHZtQAN,Review,,false,Not Synced
0032A00002T7MJHQA3,OK,,false,Not Synced
0032A00002T7OCpQAN,Review,,false,Not Synced
0032A00002T7OX9QAN,Review,,false,Not Synced
0032A00002T7WrzQAF,Review,,false,Not Synced
0032A00002T7YgJQAV,Review,,false,Not Synced
0032A00002T7ZC0QAN,OK,,false,Not Synced
0032A00002T7adgQAB,Review,,false,Not Synced
0032A00002T7bDUQAZ,Review,,false,Not Synced
0032A00002T89zCQAR,OK,,false,Not Synced
0032A00002T8APnQAN,Review,,false,Not Synced
0032A00002T8N9uQAF,OK,,false,Not Synced
0032A00002T8PrIQAV,OK,,false,Not Synced
0032A00002T8SYJQA3,OK,,false,Not Synced
0032A00002T8UDiQAN,OK,,false,Not Synced
0032A00002T8unSQAR,OK,,false,Not Synced
0032A00002T95YlQAJ,OK,,false,Not Synced
0032A00002T969wQAB,OK,,false,Not Synced
0032A00002TANtCQAX,OK,,false,Not Synced
0032A00002TAXd3QAH,OK,,false,Not Synced
0032A00002TAXrDQAX,Review,,false,Not Synced
0032A00002TAcMoQAL,Review,,false,Not Synced
0032A00002TAcXxQAL,Review,,false,Not Synced
0032A00002TAce0QAD,Review,,false,Not Synced
0032A00002TAcpDQAT,Review,,false,Not Synced
0032A00002TAd00QAD,Review,,false,Not Synced
0032A00002TAdJbQAL,Review,,false,Not Synced
0032A00002TAdaxQAD,Review,,false,Not Synced
0032A00002TB62wQAD,Review,,false,Not Synced
0032A00002TBAV9QAP,Review,,false,Not Synced
0032A00002TBHeQQAX,OK,,false,Not Synced
0032A00002TBMB9QAP,Review,,false,Not Synced
0032A00002TJr9lQAD,OK,,false,Not Synced
0032A00002TKLjaQAH,OK,,false,Not Synced
0032A00002TKSQuQAP,Review,,false,Not Synced
0032A00002TKTVwQAP,Delete,No Email,false,Not Synced
0032A00002TKaBsQAL,Review,,false,Not Synced
0032A00002TKaEcQAL,Review,,false,Not Synced
0032A00002TKaQ4QAL,OK,,false,Not Synced
0032A00002TL5OiQAL,Review,,false,Not Synced
0032A00002TLBIGQA5,Review,,false,Not Synced
0032A00002TLBLPQA5,Review,,false,Not Synced
0032A00002TLDf2QAH,Review,,false,Not Synced
0032A00002TLK1OQAX,Review,,false,Not Synced
0032A00002TLQHCQA5,Review,,false,Not Synced
0032A00002TLQLiQAP,OK,,false,Not Synced
0032A00002TLQTXQA5,OK,,false,Not Synced
0032A00002TLi6rQAD,Review,,false,Not Synced
0032A00002TLlYoQAL,OK,,false,Not Synced
0032A00002TLzvsQAD,Review,,false,Not Synced
0032A00002TM06zQAD,Review,,false,Not Synced
0032A00002TM0LuQAL,Review,,false,Not Synced
0032A00002TM0ljQAD,Review,,false,Not Synced
0032A00002TM3C3QAL,Review,,false,Not Synced
0032A00002TM3vRQAT,Review,,false,Not Synced
0032A00002TNG7pQAH,Review,,false,Not Synced
0032A00002TNKWsQAP,OK,,false,Not Synced
0032A00002TNMX4QAP,OK,,false,Not Synced
0032A00002TNORVQA5,Review,,false,Not Synced
0032A00002TNOVSQA5,OK,,false,Not Synced
0032A00002TNVLyQAP,Review,,false,Not Synced
0032A00002TNVZ7QAP,Review,,false,Not Synced
0032A00002TNVfAQAX,Review,,false,Not Synced
0032A00002TNVmkQAH,Review,,false,Not Synced
0032A00002TNwIPQA1,Review,,false,Not Synced
0032A00002TNwxhQAD,Review,,false,Not Synced
0032A00002TNxiiQAD,OK,,false,Not Synced
0032A00002TNyqxQAD,Review,,false,Not Synced
0032A00002TSDgUQAX,OK,,false,Not Synced
0032A00002TSPb3QAH,OK,,false,Not Synced
0032A00002TSTCCQA5,Review,,false,Not Synced
0032A00002TSUo7QAH,Review,,false,Not Synced
0032A00002TSrCAQA1,OK,,false,Not Synced
0032A00002TSwcQQAT,OK,,false,Not Synced
0032A00002TTI66QAH,OK,,false,Not Synced
0032A00002TTmyyQAD,OK,,false,Not Synced
0032A00002TTpmuQAD,OK,,false,Not Synced
0032A00002TU1hhQAD,OK,,false,Not Synced
0032A00002TU4S1QAL,OK,,false,Not Synced
0032A00002TU7VsQAL,OK,,false,Not Synced
0032A00002TUOaUQAX,Review,,false,Not Synced
0032A00002TUXPEQA5,OK,,false,Not Synced
0032A00002TUjciQAD,OK,,false,Not Synced
0032A00002TVnVgQAL,OK,,false,Not Synced
0032A00002TVthQQAT,Review,,false,Not Synced
0032A00002TVtmkQAD,OK,,false,Not Synced
0032A00002TVvySQAT,Review,,false,Not Synced
0032A00002TVwLNQA1,OK,,false,Not Synced
0032A00002TW7JHQA1,Review,,false,Not Synced
0032A00002TWBSnQAP,Review,,false,Not Synced
0032A00002TWEwdQAH,Review,,false,Not Synced
0032A00002TWFKfQAP,Review,,false,Not Synced
0032A00002TaqnrQAB,Review,,false,Not Synced
0032A00002TazsGQAR,Review,,false,Not Synced
0032A00002Tb07zQAB,Review,,false,Not Synced
0032A00002Tb0JvQAJ,Review,,false,Not Synced
0032A00002Tb0VDQAZ,Review,,false,Not Synced
0032A00002Tb0ooQAB,Review,,false,Not Synced
0032A00002Tb3t7QAB,OK,,false,Not Synced
0032A00002Tb6OeQAJ,OK,,false,Not Synced
0032A00002Tb7TuQAJ,OK,,false,Not Synced
0032A00002Tb7WyQAJ,Review,,false,Not Synced
0032A00002Tb7ZFQAZ,Review,,false,Not Synced
0032A00002TbodAQAR,OK,,false,Not Synced
0032A00002TbssGQAR,OK,,false,Not Synced
0032A00002TbtLvQAJ,Review,,false,Not Synced
0032A00002TbwE9QAJ,Review,,false,Not Synced
0032A00002Tbwa9QAB,Review,,false,Not Synced
0032A00002TbwkFQAR,Review,,false,Not Synced
0032A00002TbwztQAB,OK,,false,Not Synced
0032A00002TbyIgQAJ,OK,,false,Not Synced
0032A00002TbydZQAR,OK,,false,Not Synced
0032A00002Tbz5UQAR,OK,,false,Not Synced
0032A00002Tc01DQAR,OK,,false,Not Synced
0032A00002Tc0BmQAJ,OK,,false,Not Synced
0032A00002Tc0L8QAJ,OK,,false,Not Synced
0032A00002Tc0lzQAB,Review,,false,Not Synced
0032A00002TcTnkQAF,OK,,false,Not Synced
0032A00002TcULwQAN,OK,,false,Not Synced
0032A00002TcV7qQAF,OK,,false,Not Synced
0032A00002TcZWgQAN,OK,,false,Not Synced
0032A00002TcdBNQAZ,OK,,false,Not Synced
0032A00002TceA7QAJ,Review,,false,Not Synced
0032A00002TchP3QAJ,OK,,false,Not Synced
0032A00002TchpVQAR,Review,,false,Not Synced
0032A00002TchsUQAR,Review,,false,Not Synced
0032A00002TchuLQAR,Review,,false,Not Synced
0032A00002TdESmQAN,OK,,false,Not Synced
0032A00002TedIvQAJ,Review,,false,Not Synced
0032A00002TrSKaQAN,OK,,false,Not Synced
0032A00002TrT8VQAV,OK,,false,Not Synced
0032A00002TrT94QAF,Review,,false,Not Synced
0032A00002TrTXfQAN,Review,,false,Not Synced
0032A00002TrU4oQAF,Review,,false,Not Synced
0032A00002TrVb5QAF,OK,,false,Not Synced
0032A00002TrVj9QAF,Review,,false,Not Synced
0032A00002TrWWnQAN,OK,,false,Not Synced
0032A00002TrXKJQA3,OK,,false,Not Synced
0032A00002TrbNhQAJ,Review,,false,Not Synced
0032A00002Trkc6QAB,Review,,false,Not Synced
0032A00002TrzgcQAB,OK,,false,Not Synced
0032A00002Ts2UhQAJ,Review,,false,Not Synced
0032A00002Ts2oDQAR,Review,,false,Not Synced
0032A00002Ts3pqQAB,Review,,false,Not Synced
0032A00002TsF0CQAV,OK,,false,Not Synced
0032A00002TsJKaQAN,OK,,false,Not Synced
0032A00002TsNmgQAF,OK,,false,Not Synced
0032A00002TsPLEQA3,Review,,false,Not Synced
0032A00002Tsj7kQAB,Review,,false,Not Synced
0032A00002Tsoo3QAB,OK,,false,Not Synced
0032A00002TsyYjQAJ,OK,,false,Not Synced
0032A00002Tt29dQAB,Review,,false,Not Synced
0032A00002Tt37dQAB,OK,,false,Not Synced
0032A00002Tt6O6QAJ,OK,,false,Not Synced
0032A00002Tt8PVQAZ,OK,,false,Not Synced
0032A00002TtJF9QAN,Review,,false,Not Synced
0032A00002TtWYkQAN,Review,,false,Not Synced
0032A00002Ttb0JQAR,OK,,false,Not Synced
0032A00002TtsmIQAR,Review,,false,Not Synced
0032A00002Ttt5UQAR,OK,,false,Not Synced
0032A00002TtvWrQAJ,OK,,false,Not Synced
0032A00002TtvkKQAR,Review,,false,Not Synced
0032A00002Tu4aJQAR,Review,,false,Not Synced
0032A00002TuJ0oQAF,OK,,false,Not Synced
0032A00002TuLS8QAN,OK,,false,Not Synced
0032A00002TuO1FQAV,OK,,false,Not Synced
0032A00002TuOFlQAN,OK,,false,Not Synced
0032A00002TuWoKQAV,Delete,No Email,false,Not Synced
0032A00002TvPktQAF,OK,,false,Not Synced
0032A00002TvkjoQAB,Review,,false,Not Synced
0032A00002TvksGQAR,Review,,false,Not Synced
0032A00002TvnxVQAR,Review,,false,Not Synced
0032A00002TvpkyQAB,Delete,No Email,false,Not Synced
0032A00002TvytYQAR,Review,,false,Not Synced
0032A00002TvyzhQAB,OK,,false,Not Synced
0032A00002Tw0unQAB,Review,,false,Not Synced
0032A00002TwSkBQAV,Review,,false,Not Synced
0032A00002TwUFKQA3,OK,,false,Not Synced
0032A00002TwUblQAF,Review,,false,Not Synced
0032A00002TwWYxQAN,OK,,false,Not Synced
0032A00002TwX5iQAF,OK,,false,Not Synced
0032A00002TwgCTQAZ,OK,,false,Not Synced
0032A00002TwlZ3QAJ,Review,,false,Not Synced
0032A00002TwmLbQAJ,OK,,false,Not Synced
0032A00002TxPHgQAN,Review,,false,Not Synced
0032A00002TxTBXQA3,Review,,false,Not Synced
0032A00002TxZ10QAF,OK,,false,Not Synced
0032A00002Txbd5QAB,OK,,false,Not Synced
0032A00002TxxVwQAJ,Review,,false,Not Synced
0032A00002Ty0KOQAZ,OK,,false,Not Synced
0032A00002Ty2hJQAR,Review,,false,Not Synced
0032A00002Ty34DQAR,OK,,false,Not Synced
0032A00002Ty4JsQAJ,OK,,false,Not Synced
0032A00002Ty4n4QAB,OK,,false,Not Synced
0032A00002TyAAJQA3,OK,,false,Not Synced
0032A00002TyAR1QAN,Review,,false,Not Synced
0032A00002TyFdEQAV,OK,,false,Not Synced
0032A00002TyIViQAN,OK,,false,Not Synced
0032A00002TyIawQAF,Review,,false,Not Synced
0032A00002TyKAkQAN,OK,,false,Not Synced
0032A00002TykHKQAZ,Review,,false,Not Synced
0032A00002TykosQAB,Review,,false,Not Synced
0032A00002TylHVQAZ,OK,,false,Not Synced
0032A00002Tym7cQAB,OK,,false,Not Synced
0032A00002TymcjQAB,Review,,false,Not Synced
0032A00002TynnYQAR,Review,,false,Not Synced
0032A00002Tys2IQAR,OK,,false,Not Synced
0032A00002TyttrQAB,OK,,false,Not Synced
0032A00002TywAfQAJ,OK,,false,Not Synced
0032A00002U4C4CQAV,Review,,false,Not Synced
0032A00002U4L8yQAF,Review,,false,Not Synced
0032A00002U4UvOQAV,Review,,false,Not Synced
0032A00002U4Uz1QAF,OK,,false,Not Synced
0032A00002U4XwFQAV,OK,,false,Not Synced
0032A00002U4cvBQAR,Review,,false,Not Synced
0032A00002U4wjSQAR,Delete,No Email,false,Not Synced
0032A00002U4z75QAB,Review,,false,Not Synced
0032A00002U5DhfQAF,OK,,false,Not Synced
0032A00002U5GJhQAN,Review,,false,Not Synced
0032A00002U5K1jQAF,Review,,false,Not Synced
0032A00002U5LRSQA3,OK,,false,Not Synced
0032A00002U5LrQQAV,Review,,false,Not Synced
0032A00002U5v7EQAR,Review,,false,Not Synced
0032A00002U5vY8QAJ,Archive,Inactive 5+ Years,false,Not Synced
0032A00002U5yt4QAB,OK,,false,Not Synced
0032A00002U5zfXQAR,Review,,false,Not Synced
0032A00002U5zrEQAR,Review,,false,Not Synced
0032A00002U60piQAB,OK,,false,Not Synced
0032A00002U6VDeQAN,OK,,false,Not Synced
0032A00002U6cmWQAR,Review,,false,Not Synced
0032A00002U7OF8QAN,OK,,false,Not Synced
0032A00002U7Ph7QAF,Review,,false,Not Synced
0032A00002U7RHBQA3,OK,,false,Not Synced
0032A00002U7UHnQAN,OK,,false,Not Synced
0032A00002U7VzDQAV,OK,,false,Not Synced
0032A00002U7Xo6QAF,OK,,false,Not Synced
0032A00002U7Y0qQAF,Review,,false,Not Synced
0032A00002U7etaQAB,Review,,false,Not Synced
0032A00002VIjJLQA1,OK,,false,Not Synced
0032A00002VIpYgQAL,Review,,false,Not Synced
0032A00002VIqsNQAT,Review,,false,Not Synced
0032A00002VIxolQAD,OK,,false,Not Synced
0032A00002VIyxCQAT,OK,,false,Not Synced
0032A00002VJt97QAD,OK,,false,Not Synced
0032A00002VK1O1QAL,OK,,false,Not Synced
0032A00002VKBsoQAH,Review,,false,Not Synced
0032A00002VKBu1QAH,Review,,false,Not Synced
0032A00002VKBv4QAH,Review,,false,Not Synced
0032A00002VKC4fQAH,Review,,false,Not Synced
0032A00002VKC5YQAX,Review,,false,Not Synced
0032A00002VKWt7QAH,OK,,false,Not Synced
0032A00002VKXANQA5,OK,,false,Not Synced
0032A00002VKhdUQAT,OK,,false,Not Synced
0032A00002VKkCbQAL,Delete,No Email,false,Not Synced
0032A00002VL0FMQA1,Review,,false,Not Synced
0032A00002VL18rQAD,Review,,false,Not Synced
0032A00002VL4mvQAD,OK,,false,Not Synced
0032A00002VL6bnQAD,OK,,false,Not Synced
0032A00002VL8AtQAL,Review,,false,Not Synced
0032A00002VL8CHQA1,Review,,false,Not Synced
0032A00002VL8v1QAD,OK,,false,Not Synced
0032A00002VLMppQAH,OK,,false,Not Synced
0032A00002VLSxqQAH,Review,,false,Not Synced
0032A00002VLeaPQAT,OK,,false,Not Synced
0032A00002WqCaUQAV,Review,,false,Not Synced
0032A00002WqCqwQAF,Review,,false,Not Synced
0032A00002WqVK1QAN,Review,,false,Not Synced
0032A00002WqZquQAF,Review,,false,Not Synced
0032A00002Wqa43QAB,Review,,false,Not Synced
0032A00002WqaaJQAR,Review,,false,Not Synced
0032A00002WqbrkQAB,Review,,false,Not Synced
0032A00002WrUnLQAV,Review,,false,Not Synced
0032A00002Ws6kGQAR,Review,,false,Not Synced
0032A00002Ws8H6QAJ,Review,,false,Not Synced
0032A00002WsB09QAF,OK,,false,Not Synced
0032A00002WsETIQA3,OK,,false,Not Synced
0032A00002Wskg6QAB,Review,,false,Not Synced
0032A00002WspEWQAZ,Review,,false,Not Synced
0032A00002WsqzrQAB,Review,,false,Not Synced
0032A00002WszrsQAB,Review,,false,Not Synced
0032A00002Wt6QWQAZ,OK,,false,Not Synced
0032A00002WtUaOQAV,Review,,false,Not Synced
0032A00002WtUaSQAV,Review,,false,Not Synced
0032A00002WtUmjQAF,OK,,false,Not Synced
0032A00002WtXV7QAN,Review,,false,Not Synced
0032A00002WtY8iQAF,OK,,false,Not Synced
0032A00002WtaZWQAZ,OK,,false,Not Synced
0032A00002Wtg30QAB,Review,,false,Not Synced
0032A00002WtiC8QAJ,Review,,false,Not Synced
0032A00002WyRQ7QAN,OK,,false,Not Synced
0032A00002WyRZwQAN,OK,,false,Not Synced
0032A00002WyWlAQAV,OK,,false,Not Synced
0032A00002WyZm4QAF,OK,,false,Not Synced
0032A00002WyieTQAR,OK,,false,Not Synced
0032A00002WzFoCQAV,OK,,false,Not Synced
0032A00002WzMzsQAF,OK,,false,Not Synced
0032A00002WzQ1FQAV,OK,,false,Not Synced
0032A00002WzQLZQA3,Review,,false,Not Synced
0032A00002X0jsQQAR,Delete,No Email,false,Not Synced
0032A00002X0kHpQAJ,Delete,No Email,false,Not Synced
0032A00002X0kMuQAJ,Delete,No Email,false,Not Synced
0032A00002X0lhWQAR,OK,,false,Not Synced
0032A00002X0maPQAR,OK,,false,Not Synced
0032A00002X1HVoQAN,OK,,false,Not Synced
0032A00002X1Jl2QAF,OK,,false,Not Synced
0032A00002X1KU2QAN,Review,,false,Not Synced
0032A00002X1LlQQAV,OK,,false,Not Synced
0032A00002X1NO9QAN,Review,,false,Not Synced
0032A00002X1QbPQAV,OK,,false,Not Synced
0032A00002X1QcmQAF,OK,,false,Not Synced
0032A00002X1QipQAF,OK,,false,Not Synced
0032A00002X1RESQA3,Review,,false,Not Synced
0032A00002X1SqzQAF,Review,,false,Not Synced
0032A00002X1SsbQAF,Review,,false,Not Synced
0032A00002X1UYdQAN,Review,,false,Not Synced
0032A00002X1buIQAR,OK,,false,Not Synced
0032A00002X1eHDQAZ,Review,,false,Not Synced
0032A00002X1yHSQAZ,Review,,false,Not Synced
0032A00002X1zYjQAJ,Review,,false,Not Synced
0032A00002X2265QAB,OK,,false,Not Synced
0032A00002X226OQAR,Review,,false,Not Synced
0032A00002X23LKQAZ,Review,,false,Not Synced
0032A00002X2DAyQAN,Review,,false,Not Synced
0032A00002X2DsYQAV,Delete,No Email,false,Not Synced
0032A00002X2HEVQA3,Review,,false,Not Synced
0032A00002X2HdFQAV,Review,,false,Not Synced
0032A00002X2HwWQAV,Review,,false,Not Synced
0032A00002X2IeOQAV,Review,,false,Not Synced
0032A00002X2J9FQAV,Review,,false,Not Synced
0032A00002X2Jn8QAF,Review,,false,Not Synced
0032A00002XBA51QAH,OK,,false,Not Synced
0032A00002XBAmjQAH,Review,,false,Not Synced
0032A00002XBGwjQAH,OK,,false,Not Synced
0032A00002XBMe8QAH,Review,,false,Not Synced
0032A00002XBMvEQAX,Review,,false,Not Synced
0032A00002XBtntQAD,Review,,false,Not Synced
0032A00002XBuK3QAL,OK,,false,Not Synced
0032A00002XD5QPQA1,OK,,false,Not Synced
0032A00002XD91vQAD,OK,,false,Not Synced
0032A00002XDBN1QAP,OK,,false,Not Synced
0032A00002XDLkmQAH,Review,,false,Not Synced
0032A00002XDRAaQAP,Review,,false,Not Synced
0032A00002XDRiSQAX,Review,,false,Not Synced
0032A00002XDSjKQAX,Review,,false,Not Synced
0032A00002XDTVWQA5,Review,,false,Not Synced
0032A00002XDdFKQA1,OK,,false,Not Synced
0032A00002XE3K6QAL,OK,,false,Not Synced
0032A00002XE8ZEQA1,OK,,false,Not Synced
0032A00002XEB1FQAX,OK,,false,Not Synced
0032A00002XEJasQAH,Review,,false,Not Synced
0032A00002XEJbRQAX,Review,,false,Not Synced
0032A00002XElQTQA1,Review,,false,Not Synced
0032A00002XEmpAQAT,Review,,false,Not Synced
0032A00002XEuF1QAL,Review,,false,Not Synced
0032A00002XNl1vQAD,OK,,false,Not Synced
0032A00002XNpf7QAD,Delete,No Email,false,Not Synced
0032A00002XNpf9QAD,Review,,false,Not Synced
0032A00002XNpkJQAT,Delete,No Email,false,Not Synced
0032A00002XNpkPQAT,OK,,false,Not Synced
0032A00002XNpkSQAT,Delete,No Email,false,Not Synced
0032A00002XNpkYQAT,Delete,No Email,false,Not Synced
0032A00002XNpkcQAD,Review,,false,Not Synced
0032A00002XNpkeQAD,Delete,No Email,false,Not Synced
0032A00002XNrgtQAD,OK,,false,Not Synced
0032A00002XOEUWQA5,Review,,false,Not Synced
0032A00002XOEaPQAX,Review,,false,Not Synced
0032A00002XOF2iQAH,OK,,false,Not Synced
0032A00002XOJEZQA5,OK,,false,Not Synced
0032A00002XOXGMQA5,OK,,false,Not Synced
0032A00002XOZkwQAH,OK,,false,Not Synced
0032A00002XPm7FQAT,OK,,false,Not Synced
0032A00002XPmsMQAT,OK,,false,Not Synced
0032A00002XPvAXQA1,Review,,false,Not Synced
0032A00002XPvwwQAD,OK,,false,Not Synced
0032A00002XPyh6QAD,Review,,false,Not Synced
0032A00002XPz3jQAD,Review,,false,Not Synced
0032A00002XPzI9QAL,Review,,false,Not Synced
0032A00002XQOYnQAP,OK,,false,Not Synced
0032A00002XQPm7QAH,OK,,false,Not Synced
0032A00002XQQoyQAH,OK,,false,Not Synced
0032A00002XQQznQAH,OK,,false,Not Synced
0032A00002XQc44QAD,Review,,false,Not Synced
0032A00002XQcVuQAL,Review,,false,Not Synced
0032A00002XQcvmQAD,OK,,false,Not Synced
0032A00002XQdcCQAT,OK,,false,Not Synced
0032A00002XQenkQAD,OK,,false,Not Synced
0032A00002XQg1TQAT,OK,,false,Not Synced
0032A00002XQh3pQAD,Review,,false,Not Synced
0032A00002XQhSbQAL,OK,,false,Not Synced
0032A00002XR3ymQAD,OK,,false,Not Synced
0032A00002XR8RsQAL,OK,,false,Not Synced
0032A00002XRPPyQAP,Review,,false,Not Synced
0032A00002XRQ64QAH,OK,,false,Not Synced
0032A00002Xif0sQAB,OK,,false,Not Synced
0032A00002XihEUQAZ,OK,,false,Not Synced
0032A00002Xii00QAB,OK,,false,Not Synced
0032A00002XjG0OQAV,OK,,false,Not Synced
0032A00002XjX4qQAF,OK,,false,Not Synced
0032A00002XjaN7QAJ,OK,,false,Not Synced
0032A00002Xjd4hQAB,Review,,false,Not Synced
0032A00002XjdlvQAB,Review,,false,Not Synced
0032A00002XjdpYQAR,Review,,false,Not Synced
0032A00002XjdrjQAB,Review,,false,Not Synced
0032A00002Xjdw0QAB,Review,,false,Not Synced
0032A00002Xje0MQAR,Review,,false,Not Synced
0032A00002XjeC3QAJ,Review,,false,Not Synced
0032A00002XklQqQAJ,Review,,false,Not Synced
0032A00002Xkub2QAB,OK,,false,Not Synced
0032A00002Xl4NQQAZ,OK,,false,Not Synced
0032A00002XlQvYQAV,OK,,false,Not Synced
0032A00002XlR2YQAV,Review,,false,Not Synced
0032A00002XlS3cQAF,Review,,false,Not Synced
0032A00002XlnuqQAB,OK,,false,Not Synced
0032A00002Xm8yBQAR,Review,,false,Not Synced
0032A00002XmAEAQA3,Review,,false,Not Synced
0032A00002XmB0YQAV,Review,,false,Not Synced
0032A00002XmBB2QAN,Review,,false,Not Synced
0032A00002Xq7OjQAJ,Review,,false,Not Synced
0032A00002XqQyLQAV,OK,,false,Not Synced
0032A00002XqtnzQAB,Review,,false,Not Synced
0032A00002Xqu4kQAB,Review,,false,Not Synced
0032A00002Xzhs5QAB,OK,,false,Not Synced
0032A00002XzsYAQAZ,OK,,false,Not Synced
0032A00002XzuXJQAZ,Review,,false,Not Synced
0032A00002Xzw8kQAB,OK,,false,Not Synced
0032A00002XzxxAQAR,Review,,false,Not Synced
0032A00002Y0gv4QAB,Review,,false,Not Synced
0032A00002Y1OSwQAN,OK,,false,Not Synced
0032A00002Y1ST8QAN,Review,,false,Not Synced
0032A00002Y1USqQAN,OK,,false,Not Synced
0032A00002Y1e4jQAB,Review,,false,Not Synced
0032A00002Y2N9nQAF,Review,,false,Not Synced
0032A00002Y2ny2QAB,Review,,false,Not Synced
0032A00002Y2rALQAZ,OK,,false,Not Synced
0032A00002Y2rZ7QAJ,OK,,false,Not Synced
0032A00002Y2v84QAB,OK,,false,Not Synced
0032A00002Y2vMqQAJ,Review,,false,Not Synced
0032A00002Y2ziLQAR,OK,,false,Not Synced
0032A00002Y31kRQAR,Review,,false,Not Synced
0032A00002Y7lyZQAR,OK,,false,Not Synced
0032A00002Y7qZUQAZ,Review,,false,Not Synced
0032A00002Y7skKQAR,Review,,false,Not Synced
0032A00002Y82AEQAZ,Review,,false,Not Synced
0032A00002Y84RxQAJ,OK,,false,Not Synced
0032A00002Y8ZlmQAF,Review,,false,Not Synced
0032A00002Y8hkrQAB,OK,,false,Not Synced
0032A00002Y8kPSQAZ,OK,,false,Not Synced
0032A00002Y8q28QAB,OK,,false,Not Synced
0032A00002Y8rTyQAJ,OK,,false,Not Synced
0032A00002Y9EELQA3,Review,,false,Not Synced
0032A00002Y9EoYQAV,OK,,false,Not Synced
0032A00002Y9TU5QAN,OK,,false,Not Synced
0032A00002Y9XMFQA3,Review,,false,Not Synced
0032A00002Y9yvSQAR,Review,,false,Not Synced
0032A00002YA1wTQAT,OK,,false,Not Synced
0032A00002YBC6TQAX,Review,,false,Not Synced
0032A00002YBDNWQA5,Review,,false,Not Synced
0032A00002YTNpEQAX,OK,,false,Not Synced
0032A00002YTTakQAH,OK,,false,Not Synced
0032A00002YTU2FQAX,OK,,false,Not Synced
0032A00002YTX3ZQAX,Review,,false,Not Synced
0032A00002YTiLEQA1,Review,,false,Not Synced
0032A00002YUBeiQAH,OK,,false,Not Synced
0032A00002YUKWRQA5,OK,,false,Not Synced
0032A00002YUPoGQAX,OK,,false,Not Synced
0032A00002YUvl1QAD,Review,,false,Not Synced
0032A00002YWl2XQAT,Delete,No Email,false,Not Synced
0032A00002YfJs7QAF,Review,,false,Not Synced
0032A00002YfL9YQAV,OK,,false,Not Synced
0032A00002YfLnEQAV,Review,,false,Not Synced
0032A00002YfMX2QAN,OK,,false,Not Synced
0032A00002YfPZVQA3,OK,,false,Not Synced
0032A00002Yfkl6QAB,OK,,false,Not Synced
0032A00002YfpjhQAB,OK,,false,Not Synced
0032A00002Yfpm8QAB,Review,,false,Not Synced
0032A00002YfprRQAR,Review,,false,Not Synced
0032A00002YfzjwQAB,Review,,false,Not Synced
0032A00002Yg04bQAB,OK,,false,Not Synced
0032A00002Yg1MGQAZ,OK,,false,Not Synced
0032A00002YgTCtQAN,Review,,false,Not Synced
0032A00002YgVCbQAN,OK,,false,Not Synced
0032A00002YgVEIQA3,OK,,false,Not Synced
0032A00002YgWRIQA3,OK,,false,Not Synced
0032A00002YgWgDQAV,Review,,false,Not Synced
0032A00002YgZ10QAF,Review,,false,Not Synced
0032A00002YgeiyQAB,Review,,false,Not Synced
0032A00002YgiZgQAJ,OK,,false,Not Synced
0032A00002YglBPQAZ,Review,,false,Not Synced
0032A00002YglEdQAJ,Review,,false,Not Synced
0032A00002YgwhaQAB,Delete,No Email,false,Not Synced
0032A00002YgwyHQAR,OK,,false,Not Synced
0032A00002Yh9flQAB,OK,,false,Not Synced
0032A00002YhLSgQAN,Review,,false,Not Synced
0032A00002YhQ6pQAF,OK,,false,Not Synced
0032A00002YhQdeQAF,Review,,false,Not Synced
0032A00002YiLxmQAF,OK,,false,Not Synced
0032A00002YiVkSQAV,OK,,false,Not Synced
0032A00002YicGoQAJ,OK,,false,Not Synced
0032A00002Yil6tQAB,Review,,false,Not Synced
0032A00002YilFHQAZ,OK,,false,Not Synced
0032A00002YimGfQAJ,OK,,false,Not Synced
0032A00002YimOKQAZ,Review,,false,Not Synced
0032A00002YimYPQAZ,Review,,false,Not Synced
0032A00002YimakQAB,Review,,false,Not Synced
0032A00002YjAvoQAF,Review,,false,Not Synced
0032A00002Z0IgMQAV,OK,,false,Not Synced
0032A00002Z0Qk4QAF,OK,,false,Not Synced
0032A00002Z0QlvQAF,OK,,false,Not Synced
0032A00002Z0QrAQAV,OK,,false,Not Synced
0032A00002Z0QsXQAV,OK,,false,Not Synced
0032A00002Z0QtfQAF,OK,,false,Not Synced
0032A00002Z0RGEQA3,Review,,false,Not Synced
0032A00002Z0RNJQA3,Delete,No Email,false,Not Synced
0032A00002Z1E3JQAV,OK,,false,Not Synced
0032A00002Z2ExgQAF,OK,,false,Not Synced
0032A00002Z2FUGQA3,OK,,false,Not Synced
0032A00002Z2IImQAN,OK,,false,Not Synced
0032A00002Z2IbZQAV,Review,,false,Not Synced
0032A00002Z2Mr5QAF,OK,,false,Not Synced
0032A00002Z2xLbQAJ,OK,,false,Not Synced
0032A00002Z30JJQAZ,OK,,false,Not Synced
0032A00002Z34tyQAB,OK,,false,Not Synced
0032A00002Z3JPxQAN,Review,,false,Not Synced
0032A00002Z3dBiQAJ,OK,,false,Not Synced
0032A00002Z3eTEQAZ,OK,,false,Not Synced
0032A00002Z3hRYQAZ,OK,,false,Not Synced
0032A00002Z3hzKQAR,OK,,false,Not Synced
0032A00002Z3kwdQAB,OK,,false,Not Synced
0032A00002Z3l85QAB,Archive,Inactive 5+ Years,false,Not Synced
0032A00002Z3rssQAB,OK,,false,Not Synced
0032A00002Z3sMdQAJ,OK,,false,Not Synced
0032A00002Z3svEQAR,OK,,false,Not Synced
0032A00002Z3xVzQAJ,Review,,false,Not Synced
0032A00002Z3xcmQAB,Review,,false,Not Synced
0032A00002Z3zk0QAB,OK,,false,Not Synced
0032A00002Z41IbQAJ,OK,,false,Not Synced
0032A00002Z41LaQAJ,OK,,false,Not Synced
0032A00002Z41UnQAJ,OK,,false,Not Synced
0032A00002Z4OwsQAF,OK,,false,Not Synced
0032A00002ZHKEyQAP,OK,,false,Not Synced
0032A00002ZHMQ5QAP,Review,,false,Not Synced
0032A00002ZHf5sQAD,OK,,false,Not Synced
0032A00002ZHjU3QAL,OK,,false,Not Synced
0032A00002ZHlBLQA1,Review,,false,Not Synced
0032A00002ZHnAPQA1,Review,,false,Not Synced
0032A00002ZHx3nQAD,Review,,false,Not Synced
0032A00002ZHx9lQAD,Review,,false,Not Synced
0032A00002ZHxAeQAL,Review,,false,Not Synced
0032A00002ZHxBnQAL,Review,,false,Not Synced
0032A00002ZIxXWQA1,Review,,false,Not Synced
0032A00002ZJ43yQAD,OK,,false,Not Synced
0032A00002ZJ4kxQAD,OK,,false,Not Synced
0032A00002ZJ9KWQA1,OK,,false,Not Synced
0032A00002ZJCmlQAH,Delete,No Email,false,Not Synced
0032A00002ZJCq5QAH,OK,,false,Not Synced
0032A00002ZJSuZQAX,OK,,false,Not Synced
0032A00002ZJSvTQAX,OK,,false,Not Synced
0032A00002ZJT92QAH,Review,,false,Not Synced
0032A00002ZJTFCQA5,OK,,false,Not Synced
0032A00002ZJTFgQAP,OK,,false,Not Synced
0032A00002ZJTQaQAP,OK,,false,Not Synced
0032A00002ZJq9YQAT,OK,,false,Not Synced
0032A00002ZJqbJQAT,Review,,false,Not Synced
0032A00002ZK9xrQAD,Review,,false,Not Synced
0032A00002ZKA9uQAH,Review,,false,Not Synced
0032A00002ZKTrDQAX,OK,,false,Not Synced
0032A00002ZKWs2QAH,OK,,false,Not Synced
0032A00002ZKflSQAT,Review,,false,Not Synced
0032A00002ZKgwrQAD,OK,,false,Not Synced
0032A00002ZKj28QAD,OK,,false,Not Synced
0032A00002ZKk4yQAD,Review,,false,Not Synced
0032A00002ZKkMiQAL,Review,,false,Not Synced
0032A00002ZLA6tQAH,OK,,false,Not Synced
0032A00002ZXuUBQA1,OK,,false,Not Synced
0032A00002ZXyBNQA1,Delete,No Email,false,Not Synced
0032A00002ZXzrAQAT,OK,,false,Not Synced
0032A00002ZY2jTQAT,OK,,false,Not Synced
0032A00002ZYPlwQAH,OK,,false,Not Synced
0032A00002ZYRUqQAP,OK,,false,Not Synced
0032A00002ZYTQHQA5,Review,,false,Not Synced
0032A00002ZYTjKQAX,Review,,false,Not Synced
0032A00002ZYZ6UQAX,OK,,false,Not Synced
0032A00002ZYalYQAT,OK,,false,Not Synced
0032A00002ZYb7yQAD,Review,,false,Not Synced
0032A00002ZZor0QAD,Review,,false,Not Synced
0032A00002ZZptMQAT,OK,,false,Not Synced
0032A00002ZZqxFQAT,OK,,false,Not Synced
0032A00002ZZyiPQAT,Review,,false,Not Synced
0032A00002ZZylIQAT,Review,,false,Not Synced
0032A00002Za2OrQAJ,OK,,false,Not Synced
0032A00002Za4CYQAZ,Review,,false,Not Synced
0032A00002Zaw1jQAB,OK,,false,Not Synced
0032A00002Zawf5QAB,OK,,false,Not Synced
0032A00002ZayS8QAJ,OK,,false,Not Synced
0032A00002Zb9RSQAZ,OK,,false,Not Synced
0032A00002ZbatLQAR,OK,,false,Not Synced
0032A00002ZbayQQAR,OK,,false,Not Synced
0032A00002ZkRidQAF,OK,,false,Not Synced
0032A00002ZkSG7QAN,OK,,false,Not Synced
0032A00002ZkYlzQAF,OK,,false,Not Synced
0032A00002Zkv5GQAR,OK,,false,Not Synced
0032A00002ZkxBUQAZ,OK,,false,Not Synced
0032A00002ZmMz4QAF,OK,,false,Not Synced
0032A00002ZmRmQQAV,Review,,false,Not Synced
0032A00002ZmV35QAF,Review,,false,Not Synced
0032A00002ZmZO0QAN,Delete,No Email,false,Not Synced
0032A00002ZmamrQAB,Review,,false,Not Synced
0032A00002ZmxgHQAR,Review,,false,Not Synced
0032A00002Zn6L0QAJ,OK,,false,Not Synced
0032A00002Zn8EjQAJ,Review,,false,Not Synced
0032A00002ZnMxRQAV,OK,,false,Not Synced
0032A00002ZnuoGQAR,OK,,false,Not Synced
0032A00002Znz2gQAB,OK,,false,Not Synced
0032A00002Zo2VIQAZ,Review,,false,Not Synced
0032A00002Zo9VYQAZ,Review,,false,Not Synced
0032A00002ZoDqlQAF,Review,,false,Not Synced
0032A00002ZodeGQAR,Review,,false,Not Synced
0032A00002Zog4FQAR,Review,,false,Not Synced
0032A00002ZooUtQAJ,Review,,false,Not Synced
0032A00002ZotDdQAJ,OK,,false,Not Synced
0032A00002Zp3clQAB,OK,,false,Not Synced
0032A00002ZpJfLQAV,OK,,false,Not Synced
0032A00002ZpLLHQA3,Review,,false,Not Synced
0032A00002ZpMjWQAV,Delete,No Email,false,Not Synced
0032A00002ZpVfgQAF,OK,,false,Not Synced
0032A00002ZpVv0QAF,OK,,false,Not Synced
0032A00002ZpVwrQAF,Review,,false,Not Synced
0032A00002ZpYKBQA3,OK,,false,Not Synced
0032A00002ZpcxMQAR,OK,,false,Not Synced
0032A00002Zr0WNQAZ,OK,,false,Not Synced
0032A00002Zr47MQAR,OK,,false,Not Synced
0032A00002Zr6MEQAZ,OK,,false,Not Synced
0032A00002Zs31pQAB,OK,,false,Not Synced
0032A00002Zs433QAB,OK,,false,Not Synced
0032A00002Zs9eTQAR,OK,,false,Not Synced
0032A00002ZsUinQAF,OK,,false,Not Synced
0032A00002ZsjFvQAJ,OK,,false,Not Synced
0032A00002ZsjFwQAJ,OK,,false,Not Synced
0032A00002ZsjFxQAJ,OK,,false,Not Synced
0032A00002ZsjFyQAJ,OK,,false,Not Synced
0032A00002ZsjFzQAJ,OK,,false,Not Synced
0032A00002ZsjG1QAJ,OK,,false,Not Synced
0032A00002ZsjG2QAJ,OK,,false,Not Synced
0032A00002ZsjG3QAJ,OK,,false,Not Synced
0032A00002ZsjG4QAJ,OK,,false,Not Synced
0032A00002ZsjG7QAJ,OK,,false,Not Synced
0032A00002ZsjG9QAJ,OK,,false,Not Synced
0032A00002ZsjGBQAZ,OK,,false,Not Synced
0032A00002ZsjGDQAZ,OK,,false,Not Synced
0032A00002ZsjGEQAZ,OK,,false,Not Synced
0032A00002ZsjGGQAZ,OK,,false,Not Synced
0032A00002ZsjGHQAZ,OK,,false,Not Synced
0032A00002ZsjGJQAZ,OK,,false,Not Synced
0032A00002ZsjGKQAZ,OK,,false,Not Synced
0032A00002ZsjGLQAZ,OK,,false,Not Synced
0032A00002ZsjGNQAZ,OK,,false,Not Synced
0032A00002ZsjGQQAZ,OK,,false,Not Synced
0032A00002ZsjGUQAZ,OK,,false,Not Synced
0032A00002ZsjGVQAZ,OK,,false,Not Synced
0032A00002ZsjGWQAZ,OK,,false,Not Synced
0032A00002ZsjGXQAZ,OK,,false,Not Synced
0032A00002ZsjGZQAZ,OK,,false,Not Synced
0032A00002ZsjGaQAJ,OK,,false,Not Synced
0032A00002ZsjGbQAJ,OK,,false,Not Synced
0032A00002ZsjGeQAJ,OK,,false,Not Synced
0032A00002ZsjGfQAJ,OK,,false,Not Synced
0032A00002ZsjGlQAJ,OK,,false,Not Synced
0032A00002ZsjGmQAJ,OK,,false,Not Synced
0032A00002ZsjGnQAJ,OK,,false,Not Synced
0032A00002ZsjGoQAJ,OK,,false,Not Synced
0032A00002ZsjGqQAJ,OK,,false,Not Synced
0032A00002a1eLxQAI,OK,,false,Not Synced
0032A00002a2cSOQAY,Review,,false,Not Synced
0032A00002a2cVEQAY,OK,,false,Not Synced
0032A00002a2cZqQAI,OK,,false,Not Synced
0032A00002a2cZuQAI,OK,,false,Not Synced
0032A00002a2cgRQAQ,Review,,false,Not Synced
0032A00002a2cgVQAQ,OK,,false,Not Synced
0032A00002a2cjIQAQ,OK,,false,Not Synced
0032A00002a2cmHQAQ,OK,,false,Not Synced
0032A00002a2cmzQAA,Review,,false,Not Synced
0032A00002a2cnbQAA,Review,,false,Not Synced
0032A00002a2dOOQAY,Review,,false,Not Synced
0032A00002a2dR2QAI,OK,,false,Not Synced
0032A00002a2dSvQAI,OK,,false,Not Synced
0032A00002a2dTVQAY,OK,,false,Not Synced
0032A00002a2dZLQAY,OK,,false,Not Synced
0032A00002a2dcqQAA,OK,,false,Not Synced
0032A00002a2doGQAQ,Review,,false,Not Synced
0032A00002a2dozQAA,OK,,false,Not Synced
0032A00002a2dpHQAQ,OK,,false,Not Synced
0032A00002a2dxMQAQ,OK,,false,Not Synced
0032A00002a2e0wQAA,OK,,false,Not Synced
0032A00002a2eA2QAI,Review,,false,Not Synced
0032A00002a2eASQAY,Review,,false,Not Synced
0032A00002a2emuQAA,OK,,false,Not Synced
0032A00002a2f9GQAQ,OK,,false,Not Synced
0032A00002a2fBrQAI,OK,,false,Not Synced
0032A00002a2fDlQAI,OK,,false,Not Synced
0032A00002a2fHbQAI,OK,,false,Not Synced
0032A00002a2fJ8QAI,OK,,false,Not Synced
0032A00002a2fQTQAY,OK,,false,Not Synced
0032A00002a2fUrQAI,OK,,false,Not Synced
0032A00002a2fW0QAI,OK,,false,Not Synced
0032A00002a2fYeQAI,OK,,false,Not Synced
0032A00002a3m7TQAQ,OK,,false,Not Synced
0032A00002a3o8RQAQ,OK,,false,Not Synced
0032A00002a3oh1QAA,OK,,false,Not Synced
0032A00002a4Tu0QAE,Review,,false,Not Synced
0032A00002a4UYKQA2,OK,,false,Not Synced
0032A00002a4YKbQAM,OK,,false,Not Synced
0032A00002a4ld6QAA,Review,,false,Not Synced
0032A00002a4nctQAA,Review,,false,Not Synced
0032A00002a4wUnQAI,OK,,false,Not Synced
0032A00002a5DaVQAU,OK,,false,Not Synced
0032A00002aHzhBQAS,Review,,false,Not Synced
0032A00002aIXYTQA4,OK,,false,Not Synced
0032A00002aIfPBQA0,OK,,false,Not Synced
0032A00002aIg1dQAC,OK,,false,Not Synced
0032A00002aJh3QQAS,OK,,false,Not Synced
0032A00002aJkVSQA0,Delete,No Email,false,Not Synced
0032A00002aJoViQAK,OK,,false,Not Synced
0032A00002aJoncQAC,Review,,false,Not Synced
0032A00002aJpA2QAK,OK,,false,Not Synced
0032A00002aJrsLQAS,Review,,false,Not Synced
0032A00002aJsLEQA0,Review,,false,Not Synced
0032A00002aKaGZQA0,OK,,false,Not Synced
0032A00002aKbFSQA0,OK,,false,Not Synced
0032A00002aKbJ5QAK,OK,,false,Not Synced
0032A00002aKchcQAC,OK,,false,Not Synced
0032A00002aKn6GQAS,Review,,false,Not Synced
0032A00002aKnhXQAS,OK,,false,Not Synced
0032A00002aLTpYQAW,OK,,false,Not Synced
0032A00002aLTsmQAG,OK,,false,Not Synced
0032A00002aM7suQAC,OK,,false,Not Synced
0032A00002aOHyzQAG,Review,,false,Not Synced
0032A00002aOHz0QAG,Review,,false,Not Synced
0032A00002aOHz1QAG,Review,,false,Not Synced
0032A00002aOHz2QAG,Review,,false,Not Synced
0032A00002aOHz4QAG,Review,,false,Not Synced
0032A00002aOHz5QAG,Review,,false,Not Synced
0032A00002aOHz6QAG,Review,,false,Not Synced
0032A00002aOHz7QAG,Review,,false,Not Synced
0032A00002aOHz8QAG,Review,,false,Not Synced
0032A00002aOHzAQAW,Review,,false,Not Synced
0032A00002aOHzBQAW,Review,,false,Not Synced
0032A00002aOHzCQAW,Review,,false,Not Synced