Id,In_HubSpot_Not_Inclusion_List__c,Sync_Status__c
0032A00002RHA6DQAX,true,In HS Not on Inclusion List
0032A00002ZsjGfQAJ,true,In HS Not on Inclusion List
0032A00002a1eLxQAI,true,In HS Not on Inclusion List
0032A00002ayzDHQAY,true,In HS Not on Inclusion List
0032A00002ayzESQAY,true,In HS Not on Inclusion List
0032A00002ayzOTQAY,true,In HS Not on Inclusion List
0032A00002ayzbkQAA,true,In HS Not on Inclusion List
0032A00002ayzfBQAQ,true,In HS Not on Inclusion List
0032A00002ayzhVQAQ,true,In HS Not on Inclusion List
0032A00002ayzvYQAQ,true,In HS Not on Inclusion List
0032A00002az0QqQAI,true,In HS Not on Inclusion List
0032A00002az0XOQAY,true,In HS Not on Inclusion List
0032A00002az0aeQAA,true,In HS Not on Inclusion List
0032A00002az0g5QAA,true,In HS Not on Inclusion List
0032A00002az0rvQAA,true,In HS Not on Inclusion List
0032A00002az0vRQAQ,true,In HS Not on Inclusion List
0032A00002az12kQAA,true,In HS Not on Inclusion List
0032A00002az1GqQAI,true,In HS Not on Inclusion List
0032A00002az1O7QAI,true,In HS Not on Inclusion List
0032A00002az1PoQAI,true,In HS Not on Inclusion List
0032A00002az1UfQAI,true,In HS Not on Inclusion List
0032A00002az1goQAA,true,In HS Not on Inclusion List
0032A00002az1jPQAQ,true,In HS Not on Inclusion List
0032A00002az1oJQAQ,true,In HS Not on Inclusion List
0032A00002az1z2QAA,true,In HS Not on Inclusion List
0032A00002az2BvQAI,true,In HS Not on Inclusion List
0032A00002az2PhQAI,true,In HS Not on Inclusion List
0032A00002az2e1QAA,true,In HS Not on Inclusion List
0032A00002az2hvQAA,true,In HS Not on Inclusion List
0032A00002az2lyQAA,true,In HS Not on Inclusion List
0032A00002az2qdQAA,true,In HS Not on Inclusion List
0032A00002az2qyQAA,true,In HS Not on Inclusion List
0032A00002az2ykQAA,true,In HS Not on Inclusion List
0032A00002az34ZQAQ,true,In HS Not on Inclusion List
0032A00002az3AxQAI,true,In HS Not on Inclusion List
0032A00002az3OzQAI,true,In HS Not on Inclusion List
0032A00002az3PTQAY,true,In HS Not on Inclusion List
0032A00002az3c6QAA,true,In HS Not on Inclusion List
0032A00002az3hJQAQ,true,In HS Not on Inclusion List
0032A00002az3qmQAA,true,In HS Not on Inclusion List
0032A00002az40kQAA,true,In HS Not on Inclusion List
0032A00002az43mQAA,true,In HS Not on Inclusion List
0032A00002az4VVQAY,true,In HS Not on Inclusion List
0032A00002azmPFQAY,true,In HS Not on Inclusion List
0032A00002azmlrQAA,true,In HS Not on Inclusion List
0032A00002azn2TQAQ,true,In HS Not on Inclusion List
0032A00002aznNaQAI,true,In HS Not on Inclusion List
0032A00002aznU9QAI,true,In HS Not on Inclusion List
0032A00002aznaVQAQ,true,In HS Not on Inclusion List
0032A00002aznsCQAQ,true,In HS Not on Inclusion List
0032A00002azo2VQAQ,true,In HS Not on Inclusion List
0032A00002azo57QAA,true,In HS Not on Inclusion List
0032A00002azoD7QAI,true,In HS Not on Inclusion List
0032A00002azoLlQAI,true,In HS Not on Inclusion List
0032A00002azoQ7QAI,true,In HS Not on Inclusion List
0032A00002azocUQAQ,true,In HS Not on Inclusion List
0032A00002azoi5QAA,true,In HS Not on Inclusion List
0032A00002azoqIQAQ,true,In HS Not on Inclusion List
0032A00002azotaQAA,true,In HS Not on Inclusion List
0032A00002azozQQAQ,true,In HS Not on Inclusion List
0032A00002azp7cQAA,true,In HS Not on Inclusion List
0032A00002azpCjQAI,true,In HS Not on Inclusion List
0032A00002azpKAQAY,true,In HS Not on Inclusion List
0032A00002azpQHQAY,true,In HS Not on Inclusion List
0032A00002azpXCQAY,true,In HS Not on Inclusion List
0032A00002azpaIQAQ,true,In HS Not on Inclusion List
0032A00002azpcCQAQ,true,In HS Not on Inclusion List
0032A00002azpjvQAA,true,In HS Not on Inclusion List
0032A00002azpnPQAQ,true,In HS Not on Inclusion List
0032A00002azpvQQAQ,true,In HS Not on Inclusion List
0032A00002azq1NQAQ,true,In HS Not on Inclusion List
0032A00002azqBJQAY,true,In HS Not on Inclusion List
0032A00002azqBcQAI,true,In HS Not on Inclusion List
0032A00002azqCXQAY,true,In HS Not on Inclusion List
0032A00002azqRPQAY,true,In HS Not on Inclusion List
0032A00002azqf5QAA,true,In HS Not on Inclusion List
0032A00002azqq2QAA,true,In HS Not on Inclusion List
0032A00002azqvcQAA,true,In HS Not on Inclusion List
0032A00002azr5GQAQ,true,In HS Not on Inclusion List
0032A00002azr5rQAA,true,In HS Not on Inclusion List
0032A00002azrEvQAI,true,In HS Not on Inclusion List
0032A00002azrQ4QAI,true,In HS Not on Inclusion List
0032A00002azrnEQAQ,true,In HS Not on Inclusion List
0032A00002omjLcQAI,true,In HS Not on Inclusion List
0032A00002vZ20wQAC,true,In HS Not on Inclusion List
0032A00002vaxX6QAI,true,In HS Not on Inclusion List
0033j00003SA3I1AAL,true,In HS Not on Inclusion List
0033j00003gTs6IAAS,true,In HS Not on Inclusion List
0033j00003kftljAAA,true,In HS Not on Inclusion List
0033j00003wOSywAAG,true,In HS Not on Inclusion List
0033j00003wOT37AAG,true,In HS Not on Inclusion List
0033j00003wOTJuAAO,true,In HS Not on Inclusion List
0033j00003wOUAZAA4,true,In HS Not on Inclusion List
0033j00003wOUr0AAG,true,In HS Not on Inclusion List
0033j00003wOUrSAAW,true,In HS Not on Inclusion List
0033j00003wOUuxAAG,true,In HS Not on Inclusion List
0033j00003wOUv5AAG,true,In HS Not on Inclusion List
0033j00003wOUx1AAG,true,In HS Not on Inclusion List
0033j00003wOUxEAAW,true,In HS Not on Inclusion List
0033j00003wOV0bAAG,true,In HS Not on Inclusion List
0033j00003wOV0hAAG,true,In HS Not on Inclusion List
0033j00003wOV0zAAG,true,In HS Not on Inclusion List
0033j00003wOV14AAG,true,In HS Not on Inclusion List
0033j00003wOV17AAG,true,In HS Not on Inclusion List
0033j00003wOVaiAAG,true,In HS Not on Inclusion List
0033j00003wOWjxAAG,true,In HS Not on Inclusion List
0033j00003wOWkJAAW,true,In HS Not on Inclusion List
0033j00003wOYayAAG,true,In HS Not on Inclusion List
0033j00003wOa4aAAC,true,In HS Not on Inclusion List
0033j00003wObqrAAC,true,In HS Not on Inclusion List
0033j00003wOgK1AAK,true,In HS Not on Inclusion List
0033j00003wOrPJAA0,true,In HS Not on Inclusion List
0033j00003wOrg1AAC,true,In HS Not on Inclusion List
0033j00003wOrqTAAS,true,In HS Not on Inclusion List
0033j00003wOrqsAAC,true,In HS Not on Inclusion List
0033j00003wOrymAAC,true,In HS Not on Inclusion List
0033j00003wOsQJAA0,true,In HS Not on Inclusion List
0033j00003wOt5QAAS,true,In HS Not on Inclusion List
0033j00003wOu2KAAS,true,In HS Not on Inclusion List
0033j00003wOu6AAAS,true,In HS Not on Inclusion List
0033j00003wOu6XAAS,true,In HS Not on Inclusion List
0033j00003wOvCEAA0,true,In HS Not on Inclusion List
0033j00003wOvzgAAC,true,In HS Not on Inclusion List
0033j00003wOwBDAA0,true,In HS Not on Inclusion List
0033j00003wOxBHAA0,true,In HS Not on Inclusion List
0033j00003wOxKRAA0,true,In HS Not on Inclusion List
0033j00003wOxeBAAS,true,In HS Not on Inclusion List
0033j00003wOzkDAAS,true,In HS Not on Inclusion List
0033j00003wP0NPAA0,true,In HS Not on Inclusion List
0033j00003wP0OLAA0,true,In HS Not on Inclusion List
0033j00003wP0QwAAK,true,In HS Not on Inclusion List
0033j00003wP0R3AAK,true,In HS Not on Inclusion List
0033j00003wP0ccAAC,true,In HS Not on Inclusion List
0033j00003wP0gpAAC,true,In HS Not on Inclusion List
0033j00003wP0rXAAS,true,In HS Not on Inclusion List
0033j00003wPBKDAA4,true,In HS Not on Inclusion List
0033j00003wPBhnAAG,true,In HS Not on Inclusion List
0033j00003wPBn8AAG,true,In HS Not on Inclusion List
0033j00003wPBnVAAW,true,In HS Not on Inclusion List
0033j00003wPCGVAA4,true,In HS Not on Inclusion List
0033j00003wPCGyAAO,true,In HS Not on Inclusion List
0033j00003wPCL1AAO,true,In HS Not on Inclusion List
0033j00003wPCnPAAW,true,In HS Not on Inclusion List
0033j00003wPCoeAAG,true,In HS Not on Inclusion List
0033j00003wPCuyAAG,true,In HS Not on Inclusion List
0033j00003wPDIIAA4,true,In HS Not on Inclusion List
0033j00003wPDUhAAO,true,In HS Not on Inclusion List
0033j00003wPEBIAA4,true,In HS Not on Inclusion List
0033j00003wPNIjAAO,true,In HS Not on Inclusion List
0033j00003wPQucAAG,true,In HS Not on Inclusion List
0033j00003wPR6aAAG,true,In HS Not on Inclusion List
0033j00003zjC1pAAE,true,In HS Not on Inclusion List
0033j00003zjE4fAAE,true,In HS Not on Inclusion List
0033j00003zjEqTAAU,true,In HS Not on Inclusion List
0033j00003zjFLUAA2,true,In HS Not on Inclusion List
0033j00003zjFutAAE,true,In HS Not on Inclusion List
0033j000041AtT9AAK,true,In HS Not on Inclusion List
0033j000041CAKTAA4,true,In HS Not on Inclusion List
0033j000041CALcAAO,true,In HS Not on Inclusion List
0033j000042vjOrAAI,true,In HS Not on Inclusion List
0033j000047Z9mqAAC,true,In HS Not on Inclusion List
0033j000048ERWDAA4,true,In HS Not on Inclusion List
0033j000049CmF3AAK,true,In HS Not on Inclusion List
0033j000049E3RxAAK,true,In HS Not on Inclusion List
0033j000049Eex2AAC,true,In HS Not on Inclusion List
0033j000049Em9cAAC,true,In HS Not on Inclusion List
0033j000049EmCEAA0,true,In HS Not on Inclusion List
0033j000049ErneAAC,true,In HS Not on Inclusion List
0033j000049FuutAAC,true,In HS Not on Inclusion List
0033j000049G0bYAAS,true,In HS Not on Inclusion List
0033j000049G0bbAAC,true,In HS Not on Inclusion List
0033j000049G1R4AAK,true,In HS Not on Inclusion List
0033j000049GfXVAA0,true,In HS Not on Inclusion List
0033j00004B1sTNAAZ,true,In HS Not on Inclusion List
0033j00004B1snZAAR,true,In HS Not on Inclusion List
0033j00004B21o9AAB,true,In HS Not on Inclusion List
003Rh000000Z7YOIA0,true,In HS Not on Inclusion List
003Rh000000cymSIAQ,true,In HS Not on Inclusion List
003Rh000000sDGWIA2,true,In HS Not on Inclusion List
003Rh000000sFBmIAM,true,In HS Not on Inclusion List
003Rh000000weehIAA,true,In HS Not on Inclusion List
003Rh000000zq08IAA,true,In HS Not on Inclusion List
003Rh000000zq0BIAQ,true,In HS Not on Inclusion List
003Rh0000010npsIAA,true,In HS Not on Inclusion List
003Rh0000023xTxIAI,true,In HS Not on Inclusion List
003Rh000002TAhGIAW,true,In HS Not on Inclusion List
003Rh000002TicJIAS,true,In HS Not on Inclusion List
003Rh000002pbo7IAA,true,In HS Not on Inclusion List
003Rh000002pcrkIAA,true,In HS Not on Inclusion List
003Rh000004xSVrIAM,true,In HS Not on Inclusion List
003Rh000005CvnkIAC,true,In HS Not on Inclusion List
003Rh000005OqdlIAC,true,In HS Not on Inclusion List
003Rh000005OtbZIAS,true,In HS Not on Inclusion List
003Rh000005OtbaIAC,true,In HS Not on Inclusion List
003Rh000005hUUcIAM,true,In HS Not on Inclusion List
003Rh000008pgj5IAA,true,In HS Not on Inclusion List
003Rh00000DNqpeIAD,true,In HS Not on Inclusion List
003Rh00000EqCfdIAF,true,In HS Not on Inclusion List
003Rh00000EqEvrIAF,true,In HS Not on Inclusion List
003Rh00000Fg8IMIAZ,true,In HS Not on Inclusion List
0032A00002SFDmXQAX,true,In HS Not on Inclusion List
0032A00002ZsjGHQAZ,true,In HS Not on Inclusion List
0032A00002ZsjGKQAZ,true,In HS Not on Inclusion List
0032A00002ayyhzQAA,true,In HS Not on Inclusion List
0032A00002ayylwQAA,true,In HS Not on Inclusion List
0032A00002ayymqQAA,true,In HS Not on Inclusion List
0032A00002ayyyTQAQ,true,In HS Not on Inclusion List
0032A00002ayyyeQAA,true,In HS Not on Inclusion List
0032A00002ayz3MQAQ,true,In HS Not on Inclusion List
0032A00002ayzH1QAI,true,In HS Not on Inclusion List
0032A00002ayzV9QAI,true,In HS Not on Inclusion List
0032A00002ayzefQAA,true,In HS Not on Inclusion List
0032A00002ayzhgQAA,true,In HS Not on Inclusion List
0032A00002ayzrKQAQ,true,In HS Not on Inclusion List
0032A00002ayzzLQAQ,true,In HS Not on Inclusion List
0032A00002az09bQAA,true,In HS Not on Inclusion List
0032A00002az0HnQAI,true,In HS Not on Inclusion List
0032A00002az0K5QAI,true,In HS Not on Inclusion List
0032A00002az0S5QAI,true,In HS Not on Inclusion List
0032A00002az0TdQAI,true,In HS Not on Inclusion List
0032A00002az0dVQAQ,true,In HS Not on Inclusion List
0032A00002az0qkQAA,true,In HS Not on Inclusion List
0032A00002az0tmQAA,true,In HS Not on Inclusion List
0032A00002az0wQQAQ,true,In HS Not on Inclusion List
0032A00002az0x3QAA,true,In HS Not on Inclusion List
0032A00002az1CPQAY,true,In HS Not on Inclusion List
0032A00002az1FuQAI,true,In HS Not on Inclusion List
0032A00002az1JFQAY,true,In HS Not on Inclusion List
0032A00002az21yQAA,true,In HS Not on Inclusion List
0032A00002az22RQAQ,true,In HS Not on Inclusion List
0032A00002az2PvQAI,true,In HS Not on Inclusion List
0032A00002az2R0QAI,true,In HS Not on Inclusion List
0032A00002az34jQAA,true,In HS Not on Inclusion List
0032A00002az3FcQAI,true,In HS Not on Inclusion List
0032A00002az4IcQAI,true,In HS Not on Inclusion List
0032A00002az4KpQAI,true,In HS Not on Inclusion List
0032A00002az4Q4QAI,true,In HS Not on Inclusion List
0032A00002az4RPQAY,true,In HS Not on Inclusion List
0032A00002az4YcQAI,true,In HS Not on Inclusion List
0032A00002az4czQAA,true,In HS Not on Inclusion List
0032A00002azmPrQAI,true,In HS Not on Inclusion List
0032A00002azmSBQAY,true,In HS Not on Inclusion List
0032A00002azmVvQAI,true,In HS Not on Inclusion List
0032A00002azmaqQAA,true,In HS Not on Inclusion List
0032A00002azmssQAA,true,In HS Not on Inclusion List
0032A00002azn4iQAA,true,In HS Not on Inclusion List
0032A00002azn6JQAQ,true,In HS Not on Inclusion List
0032A00002azn9iQAA,true,In HS Not on Inclusion List
0032A00002aznEmQAI,true,In HS Not on Inclusion List
0032A00002aznXNQAY,true,In HS Not on Inclusion List
0032A00002azo8KQAQ,true,In HS Not on Inclusion List
0032A00002azoEKQAY,true,In HS Not on Inclusion List
0032A00002azoFCQAY,true,In HS Not on Inclusion List
0032A00002azoGxQAI,true,In HS Not on Inclusion List
0032A00002azoYvQAI,true,In HS Not on Inclusion List
0032A00002azpD3QAI,true,In HS Not on Inclusion List
0032A00002azpkrQAA,true,In HS Not on Inclusion List
0032A00002azpmpQAA,true,In HS Not on Inclusion List
0032A00002azppMQAQ,true,In HS Not on Inclusion List
0032A00002azpqRQAQ,true,In HS Not on Inclusion List
0032A00002azps9QAA,true,In HS Not on Inclusion List
0032A00002azqBoQAI,true,In HS Not on Inclusion List
0032A00002azqJ0QAI,true,In HS Not on Inclusion List
0032A00002azqVIQAY,true,In HS Not on Inclusion List
0032A00002azrG3QAI,true,In HS Not on Inclusion List
0032A00002azrMKQAY,true,In HS Not on Inclusion List
0032A00002azrREQAY,true,In HS Not on Inclusion List
0032A00002azrXaQAI,true,In HS Not on Inclusion List
0032A00002azrdXQAQ,true,In HS Not on Inclusion List
0032A00002azreNQAQ,true,In HS Not on Inclusion List
0032A00002ip9j1QAA,true,In HS Not on Inclusion List
0032A00002qKbHdQAK,true,In HS Not on Inclusion List
0033j00002NMFh8AAH,true,In HS Not on Inclusion List
0033j00002ODz1WAAT,true,In HS Not on Inclusion List
0033j00003gTpH6AAK,true,In HS Not on Inclusion List
0033j00003q54nnAAA,true,In HS Not on Inclusion List
0033j00003wOSw9AAG,true,In HS Not on Inclusion List
0033j00003wOT8jAAG,true,In HS Not on Inclusion List
0033j00003wOTohAAG,true,In HS Not on Inclusion List
0033j00003wOUACAA4,true,In HS Not on Inclusion List
0033j00003wOUqyAAG,true,In HS Not on Inclusion List
0033j00003wOUxOAAW,true,In HS Not on Inclusion List
0033j00003wOV0YAAW,true,In HS Not on Inclusion List
0033j00003wOV0cAAG,true,In HS Not on Inclusion List
0033j00003wOV0vAAG,true,In HS Not on Inclusion List
0033j00003wOWn2AAG,true,In HS Not on Inclusion List
0033j00003wOXMRAA4,true,In HS Not on Inclusion List
0033j00003wOYOSAA4,true,In HS Not on Inclusion List
0033j00003wOYahAAG,true,In HS Not on Inclusion List
0033j00003wOYbFAAW,true,In HS Not on Inclusion List
0033j00003wObqIAAS,true,In HS Not on Inclusion List
0033j00003wOcfeAAC,true,In HS Not on Inclusion List
0033j00003wOemNAAS,true,In HS Not on Inclusion List
0033j00003wOhg3AAC,true,In HS Not on Inclusion List
0033j00003wOqRxAAK,true,In HS Not on Inclusion List
0033j00003wOrHxAAK,true,In HS Not on Inclusion List
0033j00003wOrIQAA0,true,In HS Not on Inclusion List
0033j00003wOraVAAS,true,In HS Not on Inclusion List
0033j00003wOrk4AAC,true,In HS Not on Inclusion List
0033j00003wOryqAAC,true,In HS Not on Inclusion List
0033j00003wOs7BAAS,true,In HS Not on Inclusion List
0033j00003wOso8AAC,true,In HS Not on Inclusion List
0033j00003wOu6VAAS,true,In HS Not on Inclusion List
0033j00003wOvTLAA0,true,In HS Not on Inclusion List
0033j00003wOvTiAAK,true,In HS Not on Inclusion List
0033j00003wOvTrAAK,true,In HS Not on Inclusion List
0033j00003wOvU2AAK,true,In HS Not on Inclusion List
0033j00003wOvUFAA0,true,In HS Not on Inclusion List
0033j00003wOvXcAAK,true,In HS Not on Inclusion List
0033j00003wOvXwAAK,true,In HS Not on Inclusion List
0033j00003wOwAaAAK,true,In HS Not on Inclusion List
0033j00003wOwQrAAK,true,In HS Not on Inclusion List
0033j00003wOwRGAA0,true,In HS Not on Inclusion List
0033j00003wOwVRAA0,true,In HS Not on Inclusion List
0033j00003wOwWWAA0,true,In HS Not on Inclusion List
0033j00003wOz50AAC,true,In HS Not on Inclusion List
0033j00003wP0VQAA0,true,In HS Not on Inclusion List
0033j00003wP0blAAC,true,In HS Not on Inclusion List
0033j00003wP0h7AAC,true,In HS Not on Inclusion List
0033j00003wP0vOAAS,true,In HS Not on Inclusion List
0033j00003wP0wBAAS,true,In HS Not on Inclusion List
0033j00003wP12GAAS,true,In HS Not on Inclusion List
0033j00003wP12IAAS,true,In HS Not on Inclusion List
0033j00003wPBMRAA4,true,In HS Not on Inclusion List
0033j00003wPBcCAAW,true,In HS Not on Inclusion List
0033j00003wPC4RAAW,true,In HS Not on Inclusion List
0033j00003wPC4gAAG,true,In HS Not on Inclusion List
0033j00003wPC4sAAG,true,In HS Not on Inclusion List
0033j00003wPCz9AAG,true,In HS Not on Inclusion List
0033j00003wPEB4AAO,true,In HS Not on Inclusion List
0033j00003wPQI8AAO,true,In HS Not on Inclusion List
0033j00003zjAyiAAE,true,In HS Not on Inclusion List
0033j00003zjDYUAA2,true,In HS Not on Inclusion List
0033j00003zjF3XAAU,true,In HS Not on Inclusion List
0033j000041AxYzAAK,true,In HS Not on Inclusion List
0033j000041CALXAA4,true,In HS Not on Inclusion List
0033j000041CTmCAAW,true,In HS Not on Inclusion List
0033j000042wJuqAAE,true,In HS Not on Inclusion List
0033j000044NpXXAA0,true,In HS Not on Inclusion List
0033j000044OF1uAAG,true,In HS Not on Inclusion List
0033j000044OYgvAAG,true,In HS Not on Inclusion List
0033j000045rU4aAAE,true,In HS Not on Inclusion List
0033j000045rU4bAAE,true,In HS Not on Inclusion List
0033j000045rU4cAAE,true,In HS Not on Inclusion List
0033j0000477Pt2AAE,true,In HS Not on Inclusion List
0033j000047EPZeAAO,true,In HS Not on Inclusion List
0033j000047Z9o5AAC,true,In HS Not on Inclusion List
0033j000047zcwjAAA,true,In HS Not on Inclusion List
0033j000048BbCCAA0,true,In HS Not on Inclusion List
0033j000048Bbl2AAC,true,In HS Not on Inclusion List
0033j000048CMM4AAO,true,In HS Not on Inclusion List
0033j000048CRS4AAO,true,In HS Not on Inclusion List
0033j000048CVLfAAO,true,In HS Not on Inclusion List
0033j000048CVLiAAO,true,In HS Not on Inclusion List
0033j000048DIj6AAG,true,In HS Not on Inclusion List
0033j000048DcBRAA0,true,In HS Not on Inclusion List
0033j000049ElJyAAK,true,In HS Not on Inclusion List
0033j000049ElUiAAK,true,In HS Not on Inclusion List
0033j000049EliZAAS,true,In HS Not on Inclusion List
0033j000049EmAXAA0,true,In HS Not on Inclusion List
0033j000049FoZVAA0,true,In HS Not on Inclusion List
0033j000049FsAEAA0,true,In HS Not on Inclusion List
0033j000049G0b4AAC,true,In HS Not on Inclusion List
0033j000049G0bZAAS,true,In HS Not on Inclusion List
0033j000049GeZ0AAK,true,In HS Not on Inclusion List
0033j000049GfUdAAK,true,In HS Not on Inclusion List
0033j00004B1scoAAB,true,In HS Not on Inclusion List
0033j00004B1vwmAAB,true,In HS Not on Inclusion List
0033j00004B1vyyAAB,true,In HS Not on Inclusion List
0033j00004B21j0AAB,true,In HS Not on Inclusion List
0033j00004B22WLAAZ,true,In HS Not on Inclusion List
0033j00004B22YvAAJ,true,In HS Not on Inclusion List
003F000001VHVaSIAX,true,In HS Not on Inclusion List
003F000001mZvBTIA0,true,In HS Not on Inclusion List
003Rh000000OMAfIAO,true,In HS Not on Inclusion List
003Rh000000Z7YJIA0,true,In HS Not on Inclusion List
003Rh000000en23IAA,true,In HS Not on Inclusion List
003Rh000000fG5lIAE,true,In HS Not on Inclusion List
003Rh000000fICJIA2,true,In HS Not on Inclusion List
003Rh000000wfu1IAA,true,In HS Not on Inclusion List
003Rh000000zq06IAA,true,In HS Not on Inclusion List
003Rh000000zq0CIAQ,true,In HS Not on Inclusion List
003Rh000000zq0JIAQ,true,In HS Not on Inclusion List
003Rh0000010n0DIAQ,true,In HS Not on Inclusion List
003Rh0000012fWQIAY,true,In HS Not on Inclusion List
003Rh000001D2VcIAK,true,In HS Not on Inclusion List
003Rh000001H457IAC,true,In HS Not on Inclusion List
003Rh000001U9zlIAC,true,In HS Not on Inclusion List
003Rh000001jXlhIAE,true,In HS Not on Inclusion List
003Rh000002TAhHIAW,true,In HS Not on Inclusion List
003Rh000002pbo8IAA,true,In HS Not on Inclusion List
003Rh0000036as2IAA,true,In HS Not on Inclusion List
003Rh000004xMyJIAU,true,In HS Not on Inclusion List
003Rh0000057bUcIAI,true,In HS Not on Inclusion List
003Rh000005AVxMIAW,true,In HS Not on Inclusion List
003Rh000005CvnlIAC,true,In HS Not on Inclusion List
003Rh000005Oos3IAC,true,In HS Not on Inclusion List
003Rh00000EqD8kIAF,true,In HS Not on Inclusion List
003Rh00000XOzdeIAD,true,In HS Not on Inclusion List
003Rh00000XP07qIAD,true,In HS Not on Inclusion List
0032A00002SFDkbQAH,true,In HS Not on Inclusion List
0032A00002ayyhRQAQ,true,In HS Not on Inclusion List
0032A00002ayz5tQAA,true,In HS Not on Inclusion List
0032A00002ayzHCQAY,true,In HS Not on Inclusion List
0032A00002ayzIEQAY,true,In HS Not on Inclusion List
0032A00002ayzLGQAY,true,In HS Not on Inclusion List
0032A00002ayzRaQAI,true,In HS Not on Inclusion List
0032A00002ayzVQQAY,true,In HS Not on Inclusion List
0032A00002ayzeQQAQ,true,In HS Not on Inclusion List
0032A00002ayzi9QAA,true,In HS Not on Inclusion List
0032A00002az0z0QAA,true,In HS Not on Inclusion List
0032A00002az13ZQAQ,true,In HS Not on Inclusion List
0032A00002az1SCQAY,true,In HS Not on Inclusion List
0032A00002az1VVQAY,true,In HS Not on Inclusion List
0032A00002az1aPQAQ,true,In HS Not on Inclusion List
0032A00002az1ozQAA,true,In HS Not on Inclusion List
0032A00002az1tqQAA,true,In HS Not on Inclusion List
0032A00002az1wjQAA,true,In HS Not on Inclusion List
0032A00002az2EnQAI,true,In HS Not on Inclusion List
0032A00002az2ddQAA,true,In HS Not on Inclusion List
0032A00002az3QpQAI,true,In HS Not on Inclusion List
0032A00002az3vYQAQ,true,In HS Not on Inclusion List
0032A00002az40TQAQ,true,In HS Not on Inclusion List
0032A00002az42VQAQ,true,In HS Not on Inclusion List
0032A00002az4AeQAI,true,In HS Not on Inclusion List
0032A00002az4IVQAY,true,In HS Not on Inclusion List
0032A00002az4MiQAI,true,In HS Not on Inclusion List
0032A00002az4SGQAY,true,In HS Not on Inclusion List
0032A00002az4T5QAI,true,In HS Not on Inclusion List
0032A00002az4Y1QAI,true,In HS Not on Inclusion List
0032A00002azmREQAY,true,In HS Not on Inclusion List
0032A00002azmXZQAY,true,In HS Not on Inclusion List
0032A00002azmyxQAA,true,In HS Not on Inclusion List
0032A00002azn75QAA,true,In HS Not on Inclusion List
0032A00002aznECQAY,true,In HS Not on Inclusion List
0032A00002azne5QAA,true,In HS Not on Inclusion List
0032A00002aznheQAA,true,In HS Not on Inclusion List
0032A00002azoIhQAI,true,In HS Not on Inclusion List
0032A00002azoPWQAY,true,In HS Not on Inclusion List
0032A00002azobrQAA,true,In HS Not on Inclusion List
0032A00002azov4QAA,true,In HS Not on Inclusion List
0032A00002azpoVQAQ,true,In HS Not on Inclusion List
0032A00002azpqmQAA,true,In HS Not on Inclusion List
0032A00002azqCoQAI,true,In HS Not on Inclusion List
0032A00002azqF2QAI,true,In HS Not on Inclusion List
0032A00002azqqDQAQ,true,In HS Not on Inclusion List
0032A00002azqs0QAA,true,In HS Not on Inclusion List
0032A00002azqsrQAA,true,In HS Not on Inclusion List
0032A00002azqxNQAQ,true,In HS Not on Inclusion List
0032A00002azriaQAA,true,In HS Not on Inclusion List
0032A00002azwwTQAQ,true,In HS Not on Inclusion List
0032A00002wzut3QAA,true,In HS Not on Inclusion List
0032A000039NdqXQAS,true,In HS Not on Inclusion List
0033j00002OEi1LAAT,true,In HS Not on Inclusion List
0033j00003XDvlkAAD,true,In HS Not on Inclusion List
0033j00003XEaaRAAT,true,In HS Not on Inclusion List
0033j00003gSRaUAAW,true,In HS Not on Inclusion List
0033j00003gTw9TAAS,true,In HS Not on Inclusion List
0033j00003gTzmnAAC,true,In HS Not on Inclusion List
0033j00003gUQG1AAO,true,In HS Not on Inclusion List
0033j00003q6u21AAA,true,In HS Not on Inclusion List
0033j00003u11iwAAA,true,In HS Not on Inclusion List
0033j00003wOSyxAAG,true,In HS Not on Inclusion List
0033j00003wOT20AAG,true,In HS Not on Inclusion List
0033j00003wOT2VAAW,true,In HS Not on Inclusion List
0033j00003wOTGNAA4,true,In HS Not on Inclusion List
0033j00003wOUM9AAO,true,In HS Not on Inclusion List
0033j00003wOUx7AAG,true,In HS Not on Inclusion List
0033j00003wOUx9AAG,true,In HS Not on Inclusion List
0033j00003wOUxTAAW,true,In HS Not on Inclusion List
0033j00003wOV0tAAG,true,In HS Not on Inclusion List
0033j00003wOV1BAAW,true,In HS Not on Inclusion List
0033j00003wOVdgAAG,true,In HS Not on Inclusion List
0033j00003wOYbGAAW,true,In HS Not on Inclusion List
0033j00003wOYeEAAW,true,In HS Not on Inclusion List
0033j00003wOZ3TAAW,true,In HS Not on Inclusion List
0033j00003wOZDbAAO,true,In HS Not on Inclusion List
0033j00003wOZtKAAW,true,In HS Not on Inclusion List
0033j00003wObBkAAK,true,In HS Not on Inclusion List
0033j00003wOcffAAC,true,In HS Not on Inclusion List
0033j00003wOgmwAAC,true,In HS Not on Inclusion List
0033j00003wOgnKAAS,true,In HS Not on Inclusion List
0033j00003wOq58AAC,true,In HS Not on Inclusion List
0033j00003wOraHAAS,true,In HS Not on Inclusion List
0033j00003wOskSAAS,true,In HS Not on Inclusion List
0033j00003wOvAuAAK,true,In HS Not on Inclusion List
0033j00003wOvSWAA0,true,In HS Not on Inclusion List
0033j00003wOvSmAAK,true,In HS Not on Inclusion List
0033j00003wOvU0AAK,true,In HS Not on Inclusion List
0033j00003wOvUOAA0,true,In HS Not on Inclusion List
0033j00003wOvUmAAK,true,In HS Not on Inclusion List
0033j00003wOvV8AAK,true,In HS Not on Inclusion List
0033j00003wOvVYAA0,true,In HS Not on Inclusion List
0033j00003wOwI1AAK,true,In HS Not on Inclusion List
0033j00003wOwNkAAK,true,In HS Not on Inclusion List
0033j00003wOwO1AAK,true,In HS Not on Inclusion List
0033j00003wOwObAAK,true,In HS Not on Inclusion List
0033j00003wOwW1AAK,true,In HS Not on Inclusion List
0033j00003wOwWzAAK,true,In HS Not on Inclusion List
0033j00003wOxQbAAK,true,In HS Not on Inclusion List
0033j00003wOxnnAAC,true,In HS Not on Inclusion List
0033j00003wOyKWAA0,true,In HS Not on Inclusion List
0033j00003wOz51AAC,true,In HS Not on Inclusion List
0033j00003wOz9DAAS,true,In HS Not on Inclusion List
0033j00003wP0SWAA0,true,In HS Not on Inclusion List
0033j00003wP0VwAAK,true,In HS Not on Inclusion List
0033j00003wP0WQAA0,true,In HS Not on Inclusion List
0033j00003wP0XvAAK,true,In HS Not on Inclusion List
0033j00003wP0rPAAS,true,In HS Not on Inclusion List
0033j00003wPBMAAA4,true,In HS Not on Inclusion List
0033j00003wPBMgAAO,true,In HS Not on Inclusion List
0033j00003wPBQdAAO,true,In HS Not on Inclusion List
0033j00003wPBhjAAG,true,In HS Not on Inclusion List
0033j00003wPC4cAAG,true,In HS Not on Inclusion List
0033j00003wPC4jAAG,true,In HS Not on Inclusion List
0033j00003wPCpFAAW,true,In HS Not on Inclusion List
0033j00003wPCtlAAG,true,In HS Not on Inclusion List
0033j00003wPCzZAAW,true,In HS Not on Inclusion List
0033j00003wPDHJAA4,true,In HS Not on Inclusion List
0033j00003wPEB7AAO,true,In HS Not on Inclusion List
0033j00003wPEd2AAG,true,In HS Not on Inclusion List
0033j00003wPNc9AAG,true,In HS Not on Inclusion List
0033j00003wPRm5AAG,true,In HS Not on Inclusion List
0033j00003yqiUIAAY,true,In HS Not on Inclusion List
0033j00003zjCJ9AAM,true,In HS Not on Inclusion List
0033j00003zjCPHAA2,true,In HS Not on Inclusion List
0033j00003zjCn9AAE,true,In HS Not on Inclusion List
0033j00003zjEMlAAM,true,In HS Not on Inclusion List
0033j00003zjFX8AAM,true,In HS Not on Inclusion List
0033j00003zjgx7AAA,true,In HS Not on Inclusion List
0033j000041CAFGAA4,true,In HS Not on Inclusion List
0033j000041CAKAAA4,true,In HS Not on Inclusion List
0033j000042uYSTAA2,true,In HS Not on Inclusion List
0033j000042vy8gAAA,true,In HS Not on Inclusion List
0033j000044NpcFAAS,true,In HS Not on Inclusion List
0033j000045ramNAAQ,true,In HS Not on Inclusion List
0033j0000477DswAAE,true,In HS Not on Inclusion List
0033j0000477EX1AAM,true,In HS Not on Inclusion List
0033j000047YtPVAA0,true,In HS Not on Inclusion List
0033j000047Z6ddAAC,true,In HS Not on Inclusion List
0033j000047Z6z4AAC,true,In HS Not on Inclusion List
0033j000047z2s1AAA,true,In HS Not on Inclusion List
0033j000048BbCDAA0,true,In HS Not on Inclusion List
0033j000048CVLgAAO,true,In HS Not on Inclusion List
0033j000048DoWjAAK,true,In HS Not on Inclusion List
0033j000048DwT2AAK,true,In HS Not on Inclusion List
0033j000049FPQdAAO,true,In HS Not on Inclusion List
0033j000049FsAFAA0,true,In HS Not on Inclusion List
0033j000049FsQoAAK,true,In HS Not on Inclusion List
0033j000049GRkJAAW,true,In HS Not on Inclusion List
0033j000049GYvEAAW,true,In HS Not on Inclusion List
0033j000049GfKgAAK,true,In HS Not on Inclusion List
0033j000049GfuLAAS,true,In HS Not on Inclusion List
0033j00004B1pTlAAJ,true,In HS Not on Inclusion List
0033j00004B1vwVAAR,true,In HS Not on Inclusion List
0033j00004B1w6eAAB,true,In HS Not on Inclusion List
0033j00004B1xANAAZ,true,In HS Not on Inclusion List
003F000001qRBTNIA4,true,In HS Not on Inclusion List
003Rh000000OEMsIAO,true,In HS Not on Inclusion List
003Rh000000Z7YNIA0,true,In HS Not on Inclusion List
003Rh000000cdDGIAY,true,In HS Not on Inclusion List
003Rh000000cusXIAQ,true,In HS Not on Inclusion List
003Rh000000fG5jIAE,true,In HS Not on Inclusion List
003Rh000000joohIAA,true,In HS Not on Inclusion List
003Rh000000sDGVIA2,true,In HS Not on Inclusion List
003Rh000000sGfiIAE,true,In HS Not on Inclusion List
003Rh000001D2VdIAK,true,In HS Not on Inclusion List
003Rh000002THZ0IAO,true,In HS Not on Inclusion List
003Rh000002q9HuIAI,true,In HS Not on Inclusion List
003Rh000003EFaBIAW,true,In HS Not on Inclusion List
003Rh000004RrSZIA0,true,In HS Not on Inclusion List
003Rh000005CoHXIA0,true,In HS Not on Inclusion List
003Rh000005CvnjIAC,true,In HS Not on Inclusion List
003Rh000005CvnmIAC,true,In HS Not on Inclusion List
003Rh000005CvnnIAC,true,In HS Not on Inclusion List
003Rh000005s25BIAQ,true,In HS Not on Inclusion List
003Rh000006oK6ZIAU,true,In HS Not on Inclusion List
003Rh000007UhJfIAK,true,In HS Not on Inclusion List
003Rh000007Uo8IIAS,true,In HS Not on Inclusion List
003Rh000007UtxWIAS,true,In HS Not on Inclusion List
003Rh000007UtxYIAS,true,In HS Not on Inclusion List
003Rh000007UvuEIAS,true,In HS Not on Inclusion List
003Rh000007UxjQIAS,true,In HS Not on Inclusion List
003Rh000007V57bIAC,true,In HS Not on Inclusion List
003Rh000007V5AhIAK,true,In HS Not on Inclusion List
003Rh000007V9npIAC,true,In HS Not on Inclusion List
003Rh000007V9pNIAS,true,In HS Not on Inclusion List
003Rh000007VJS9IAO,true,In HS Not on Inclusion List
003Rh000007VJn7IAG,true,In HS Not on Inclusion List
003Rh000007cwJzIAI,true,In HS Not on Inclusion List
003Rh000009tMVsIAM,true,In HS Not on Inclusion List
003Rh00000ARKo7IAH,true,In HS Not on Inclusion List
003Rh00000AdL6tIAF,true,In HS Not on Inclusion List
003Rh00000EqDLwIAN,true,In HS Not on Inclusion List
003Rh00000EqDX0IAN,true,In HS Not on Inclusion List
003Rh00000EqDX3IAN,true,In HS Not on Inclusion List
003Rh00000FrpF4IAJ,true,In HS Not on Inclusion List
003Rh00000QrKUgIAN,true,In HS Not on Inclusion List
003Rh00000XP06cIAD,true,In HS Not on Inclusion List
003Rh00000XP0j0IAD,true,In HS Not on Inclusion List
0032A00002ayzHGQAY,true,In HS Not on Inclusion List
0032A00002az0ZwQAI,true,In HS Not on Inclusion List
0032A00002az22tQAA,true,In HS Not on Inclusion List
0032A00002qOQpWQAW,true,In HS Not on Inclusion List
0032A000030idLrQAI,true,In HS Not on Inclusion List
0033j00003XDfcdAAD,true,In HS Not on Inclusion List
0033j00003fBTNdAAO,true,In HS Not on Inclusion List
0033j00003gTt1PAAS,true,In HS Not on Inclusion List
0033j00003wOhYAAA0,true,In HS Not on Inclusion List
0033j00003wOwp3AAC,true,In HS Not on Inclusion List
0033j00003wOxrkAAC,true,In HS Not on Inclusion List
0033j000042x2VIAAY,true,In HS Not on Inclusion List
0033j000044LEbAAAW,true,In HS Not on Inclusion List
0033j000045oiiUAAQ,true,In HS Not on Inclusion List
0033j000049DoQPAA0,true,In HS Not on Inclusion List
0033j000049GTzDAAW,true,In HS Not on Inclusion List
0033j00004B1tNsAAJ,true,In HS Not on Inclusion List
003Rh000007Uus2IAC,true,In HS Not on Inclusion List
003Rh000007VF5DIAW,true,In HS Not on Inclusion List
003Rh000009rWemIAE,true,In HS Not on Inclusion List
003Rh00000ARRPKIA5,true,In HS Not on Inclusion List
003Rh00000AhfbdIAB,true,In HS Not on Inclusion List
003Rh00000B0aelIAB,true,In HS Not on Inclusion List
003Rh00000B0fL3IAJ,true,In HS Not on Inclusion List
003Rh00000BRABRIA5,true,In HS Not on Inclusion List
003Rh00000C55eYIAR,true,In HS Not on Inclusion List
003Rh00000CVrVlIAL,true,In HS Not on Inclusion List
003Rh00000D0Z1VIAV,true,In HS Not on Inclusion List
003Rh00000DcMMbIAN,true,In HS Not on Inclusion List
003Rh00000EqCe8IAF,true,In HS Not on Inclusion List
003Rh00000EqCeFIAV,true,In HS Not on Inclusion List
003Rh00000EqCekIAF,true,In HS Not on Inclusion List
003Rh00000EqCfKIAV,true,In HS Not on Inclusion List
003Rh00000EqCfTIAV,true,In HS Not on Inclusion List
003Rh00000EqCfhIAF,true,In HS Not on Inclusion List
003Rh00000EqCg0IAF,true,In HS Not on Inclusion List
003Rh00000EqCgCIAV,true,In HS Not on Inclusion List
003Rh00000EqCgEIAV,true,In HS Not on Inclusion List
003Rh00000EqCgQIAV,true,In HS Not on Inclusion List
003Rh00000EqCgXIAV,true,In HS Not on Inclusion List
003Rh00000EqCkVIAV,true,In HS Not on Inclusion List
003Rh00000EqCkdIAF,true,In HS Not on Inclusion List
003Rh00000EqCnUIAV,true,In HS Not on Inclusion List
003Rh00000EqCnVIAV,true,In HS Not on Inclusion List
003Rh00000EqCoLIAV,true,In HS Not on Inclusion List
003Rh00000EqCoOIAV,true,In HS Not on Inclusion List
003Rh00000EqCrPIAV,true,In HS Not on Inclusion List
003Rh00000EqCrSIAV,true,In HS Not on Inclusion List
003Rh00000EqCrvIAF,true,In HS Not on Inclusion List
003Rh00000EqCs4IAF,true,In HS Not on Inclusion List
003Rh00000EqCsCIAV,true,In HS Not on Inclusion List
003Rh00000EqCsUIAV,true,In HS Not on Inclusion List
003Rh00000EqCsbIAF,true,In HS Not on Inclusion List
003Rh00000EqCt5IAF,true,In HS Not on Inclusion List
003Rh00000EqCt6IAF,true,In HS Not on Inclusion List
003Rh00000EqCzQIAV,true,In HS Not on Inclusion List
003Rh00000EqD0HIAV,true,In HS Not on Inclusion List
003Rh00000EqD0KIAV,true,In HS Not on Inclusion List
003Rh00000EqD0OIAV,true,In HS Not on Inclusion List
003Rh00000EqD0kIAF,true,In HS Not on Inclusion List
003Rh00000EqD1lIAF,true,In HS Not on Inclusion List
003Rh00000EqD1qIAF,true,In HS Not on Inclusion List
003Rh00000EqD5mIAF,true,In HS Not on Inclusion List
003Rh00000EqD8PIAV,true,In HS Not on Inclusion List
003Rh00000EqD98IAF,true,In HS Not on Inclusion List
003Rh00000EqDDbIAN,true,In HS Not on Inclusion List
003Rh00000EqDE9IAN,true,In HS Not on Inclusion List
003Rh00000EqDERIA3,true,In HS Not on Inclusion List
003Rh00000EqDEhIAN,true,In HS Not on Inclusion List
003Rh00000EqDFQIA3,true,In HS Not on Inclusion List
003Rh00000EqDFfIAN,true,In HS Not on Inclusion List
003Rh00000EqDG5IAN,true,In HS Not on Inclusion List
003Rh00000EqDLtIAN,true,In HS Not on Inclusion List
003Rh00000EqDMGIA3,true,In HS Not on Inclusion List
003Rh00000EqDMNIA3,true,In HS Not on Inclusion List
003Rh00000EqDMfIAN,true,In HS Not on Inclusion List
003Rh00000EqDQXIA3,true,In HS Not on Inclusion List
003Rh00000EqDQrIAN,true,In HS Not on Inclusion List
003Rh00000EqDXGIA3,true,In HS Not on Inclusion List
003Rh00000EqDXhIAN,true,In HS Not on Inclusion List
003Rh00000EqDYGIA3,true,In HS Not on Inclusion List
003Rh00000EqDYbIAN,true,In HS Not on Inclusion List
003Rh00000EqDbfIAF,true,In HS Not on Inclusion List
003Rh00000EqDcIIAV,true,In HS Not on Inclusion List
003Rh00000EqDcYIAV,true,In HS Not on Inclusion List
003Rh00000EqDcgIAF,true,In HS Not on Inclusion List
003Rh00000EqDdEIAV,true,In HS Not on Inclusion List
003Rh00000EqDdHIAV,true,In HS Not on Inclusion List
003Rh00000EqDe5IAF,true,In HS Not on Inclusion List
003Rh00000EqDmAIAV,true,In HS Not on Inclusion List
003Rh00000EqDmPIAV,true,In HS Not on Inclusion List
003Rh00000EqDmlIAF,true,In HS Not on Inclusion List
003Rh00000EqDq9IAF,true,In HS Not on Inclusion List
003Rh00000EqDqGIAV,true,In HS Not on Inclusion List
003Rh00000EqDqKIAV,true,In HS Not on Inclusion List
003Rh00000EqDqWIAV,true,In HS Not on Inclusion List
003Rh00000EqDqxIAF,true,In HS Not on Inclusion List
003Rh00000EqDrtIAF,true,In HS Not on Inclusion List
003Rh00000EqDsNIAV,true,In HS Not on Inclusion List
003Rh00000EqDySIAV,true,In HS Not on Inclusion List
003Rh00000EqDzfIAF,true,In HS Not on Inclusion List
003Rh00000EqE6rIAF,true,In HS Not on Inclusion List
003Rh00000EqE7FIAV,true,In HS Not on Inclusion List
003Rh00000EqE7SIAV,true,In HS Not on Inclusion List
003Rh00000EqE7eIAF,true,In HS Not on Inclusion List
003Rh00000EqE7kIAF,true,In HS Not on Inclusion List
003Rh00000EqE88IAF,true,In HS Not on Inclusion List
003Rh00000EqEFrIAN,true,In HS Not on Inclusion List
003Rh00000EqEFsIAN,true,In HS Not on Inclusion List
003Rh00000EqEGgIAN,true,In HS Not on Inclusion List
003Rh00000EqENpIAN,true,In HS Not on Inclusion List
003Rh00000EqEOOIA3,true,In HS Not on Inclusion List
003Rh00000EqEOQIA3,true,In HS Not on Inclusion List
003Rh00000EqEOSIA3,true,In HS Not on Inclusion List
003Rh00000EqERtIAN,true,In HS Not on Inclusion List
003Rh00000EqES2IAN,true,In HS Not on Inclusion List
003Rh00000EqES8IAN,true,In HS Not on Inclusion List
003Rh00000EqESlIAN,true,In HS Not on Inclusion List
003Rh00000EqESoIAN,true,In HS Not on Inclusion List
003Rh00000EqETOIA3,true,In HS Not on Inclusion List
003Rh00000EqEd8IAF,true,In HS Not on Inclusion List
003Rh00000EqEdMIAV,true,In HS Not on Inclusion List
003Rh00000EqEdcIAF,true,In HS Not on Inclusion List
003Rh00000EqEddIAF,true,In HS Not on Inclusion List
003Rh00000EqEduIAF,true,In HS Not on Inclusion List
003Rh00000EqEeLIAV,true,In HS Not on Inclusion List
003Rh00000EqEf4IAF,true,In HS Not on Inclusion List
003Rh00000EqEfbIAF,true,In HS Not on Inclusion List
003Rh00000EqEhdIAF,true,In HS Not on Inclusion List
003Rh00000EqEhuIAF,true,In HS Not on Inclusion List
003Rh00000EqEiRIAV,true,In HS Not on Inclusion List
003Rh00000EqEiqIAF,true,In HS Not on Inclusion List
003Rh00000EqEirIAF,true,In HS Not on Inclusion List
003Rh00000EqEjHIAV,true,In HS Not on Inclusion List
003Rh00000EqEjIIAV,true,In HS Not on Inclusion List
003Rh00000EqEnzIAF,true,In HS Not on Inclusion List
003Rh00000EqEo0IAF,true,In HS Not on Inclusion List
003Rh00000EqEo3IAF,true,In HS Not on Inclusion List
003Rh00000EqEoEIAV,true,In HS Not on Inclusion List
003Rh00000EqEoGIAV,true,In HS Not on Inclusion List
003Rh00000EqEsmIAF,true,In HS Not on Inclusion List
003Rh00000EqEvPIAV,true,In HS Not on Inclusion List
003Rh00000EqEw7IAF,true,In HS Not on Inclusion List
003Rh00000EqEwDIAV,true,In HS Not on Inclusion List
003Rh00000EqEwUIAV,true,In HS Not on Inclusion List
003Rh00000EqF2eIAF,true,In HS Not on Inclusion List
003Rh00000EqF37IAF,true,In HS Not on Inclusion List
003Rh00000EqF3ZIAV,true,In HS Not on Inclusion List
003Rh00000EqF3sIAF,true,In HS Not on Inclusion List
003Rh00000EqF54IAF,true,In HS Not on Inclusion List
003Rh00000EqF7XIAV,true,In HS Not on Inclusion List
003Rh00000EqF7aIAF,true,In HS Not on Inclusion List
003Rh00000EqF9bIAF,true,In HS Not on Inclusion List
003Rh00000EqF9dIAF,true,In HS Not on Inclusion List
003Rh00000EqF9nIAF,true,In HS Not on Inclusion List
003Rh00000EqFAYIA3,true,In HS Not on Inclusion List
003Rh00000EqFGtIAN,true,In HS Not on Inclusion List
003Rh00000EqFJ4IAN,true,In HS Not on Inclusion List
003Rh00000EqFJxIAN,true,In HS Not on Inclusion List
003Rh00000EqFU7IAN,true,In HS Not on Inclusion List
003Rh00000EqFUqIAN,true,In HS Not on Inclusion List
003Rh00000EqFUrIAN,true,In HS Not on Inclusion List
003Rh00000EqFUzIAN,true,In HS Not on Inclusion List
003Rh00000EqFYeIAN,true,In HS Not on Inclusion List
003Rh00000EqFYpIAN,true,In HS Not on Inclusion List
003Rh00000EqFZEIA3,true,In HS Not on Inclusion List
003Rh00000EqFasIAF,true,In HS Not on Inclusion List
003Rh00000EqFb9IAF,true,In HS Not on Inclusion List
003Rh00000EqFkwIAF,true,In HS Not on Inclusion List
003Rh00000EqFl4IAF,true,In HS Not on Inclusion List
003Rh00000EqFlEIAV,true,In HS Not on Inclusion List
003Rh00000EqFlUIAV,true,In HS Not on Inclusion List
003Rh00000EqFljIAF,true,In HS Not on Inclusion List
003Rh00000EqFm0IAF,true,In HS Not on Inclusion List
003Rh00000EqFmVIAV,true,In HS Not on Inclusion List
003Rh00000EqFsyIAF,true,In HS Not on Inclusion List
003Rh00000EqG0sIAF,true,In HS Not on Inclusion List
003Rh00000EqG17IAF,true,In HS Not on Inclusion List
003Rh00000EqG1SIAV,true,In HS Not on Inclusion List
003Rh00000EqG2EIAV,true,In HS Not on Inclusion List
003Rh00000EqG7ZIAV,true,In HS Not on Inclusion List
003Rh00000EqGDNIA3,true,In HS Not on Inclusion List
003Rh00000EqGDOIA3,true,In HS Not on Inclusion List
003Rh00000EqGDuIAN,true,In HS Not on Inclusion List
003Rh00000EqGE6IAN,true,In HS Not on Inclusion List
003Rh00000EqGEHIA3,true,In HS Not on Inclusion List
003Rh00000EqGEOIA3,true,In HS Not on Inclusion List
003Rh00000EqGEPIA3,true,In HS Not on Inclusion List
003Rh00000EqGEvIAN,true,In HS Not on Inclusion List
003Rh00000EqGF3IAN,true,In HS Not on Inclusion List
003Rh00000EqGOFIA3,true,In HS Not on Inclusion List
003Rh00000EqGUoIAN,true,In HS Not on Inclusion List
003Rh00000EqGUzIAN,true,In HS Not on Inclusion List
003Rh00000EqGVqIAN,true,In HS Not on Inclusion List
003Rh00000EqGWGIA3,true,In HS Not on Inclusion List
003Rh00000EqGWcIAN,true,In HS Not on Inclusion List
003Rh00000ILJTWIA5,true,In HS Not on Inclusion List
003Rh00000XP0CmIAL,true,In HS Not on Inclusion List
003Rh00000XP0axIAD,true,In HS Not on Inclusion List
003Rh00000XP0bCIAT,true,In HS Not on Inclusion List
003Rh000009rWerIAE,true,In HS Not on Inclusion List
003Rh00000EFh9RIAT,true,In HS Not on Inclusion List
003Rh00000EqDQsIAN,true,In HS Not on Inclusion List
003Rh00000EqDXvIAN,true,In HS Not on Inclusion List
003Rh00000EqDlhIAF,true,In HS Not on Inclusion List
003Rh00000EqDlzIAF,true,In HS Not on Inclusion List
003Rh00000EqDmBIAV,true,In HS Not on Inclusion List
003Rh00000EqDyaIAF,true,In HS Not on Inclusion List
003Rh00000EqEFAIA3,true,In HS Not on Inclusion List
003Rh00000EqESuIAN,true,In HS Not on Inclusion List
003Rh00000EqEf3IAF,true,In HS Not on Inclusion List
003Rh00000EqEfcIAF,true,In HS Not on Inclusion List
003Rh00000EqEnZIAV,true,In HS Not on Inclusion List
003Rh00000EqEnlIAF,true,In HS Not on Inclusion List
003Rh00000EqEswIAF,true,In HS Not on Inclusion List
003Rh00000EqFAbIAN,true,In HS Not on Inclusion List
003Rh00000EqFH0IAN,true,In HS Not on Inclusion List
003Rh00000EqFKLIA3,true,In HS Not on Inclusion List
003Rh00000EqFZMIA3,true,In HS Not on Inclusion List
003Rh00000EqFtdIAF,true,In HS Not on Inclusion List
003Rh00000EqFuUIAV,true,In HS Not on Inclusion List
003Rh00000EqG1fIAF,true,In HS Not on Inclusion List
003Rh00000EqGD5IAN,true,In HS Not on Inclusion List
003Rh00000EqGExIAN,true,In HS Not on Inclusion List
003Rh00000EqGFGIA3,true,In HS Not on Inclusion List