Id,Clean_Status__c
0032A00002azp0bQAA,Merge
0032A00002az3qSQAQ,Merge
0032A00002azo5rQAA,Merge
0032A00002azo9ZQAQ,Merge
0032A00002azoNLQAY,Merge
0032A00002azrJtQAI,Merge
0032A00002azqT0QAI,Merge
0032A00002azr9oQAA,Merge
0032A00002azqfqQAA,Merge
0032A00002azpJNQAY,Merge
0032A00002az37uQAA,Merge
0032A00002az3LIQAY,Merge
0032A00002az3YRQAY,Merge
0032A00002azmkpQAA,Merge
0032A00002aznFHQAY,Merge
0032A00002azqV4QAI,Merge
0032A00002azn7pQAA,Merge
0032A00002aznXrQAI,Merge
0032A00002azpHDQAY,Merge
0032A00002aznl1QAA,Merge
0032A00002azpVKQAY,Merge
0032A00002azmn0QAA,Merge
0032A00002aznmxQAA,Merge
0032A00002az36GQAQ,Merge
0032A00002azp7wQAA,Merge
0032A00002az3zoQAA,Merge
0032A00002aznu9QAA,Merge
0032A00002azpoGQAQ,Merge
0032A00002azqp4QAA,Merge
0032A00002azrTcQAI,Merge
0032A00002azroPQAQ,Merge
0032A00002az2ohQAA,Merge
0032A00002az3sQQAQ,Merge
0032A00002azoFYQAY,Merge
0032A00002azpHCQAY,Merge
0032A00002azqOWQAY,Merge
0032A00002azq7pQAA,Merge
0032A00002azqftQAA,Merge
0032A00002az2qCQAQ,Merge
0032A00002azrS5QAI,Merge
0032A00002azp3zQAA,Merge
0032A00002az3dBQAQ,Merge
0032A00002az42dQAA,Merge
0032A00002azoKdQAI,Merge
0032A00002azoU9QAI,Merge
0032A00002azqHNQAY,Merge
0032A00002azrHPQAY,Merge
0032A00002az2tgQAA,Merge
0032A00002azq13QAA,Merge
0032A00002azr6lQAA,Merge
0032A00002az47dQAA,Merge
0032A00002az41KQAQ,Merge
0032A00002az4J8QAI,Merge
0032A00002azqO3QAI,Merge
0032A00002az3aPQAQ,Merge
0032A00002aznALQAY,Merge
0032A00002azqAsQAI,Merge
0032A00002azrMqQAI,Merge
0032A00002az43VQAQ,Merge
0032A00002az4QcQAI,Merge
0032A00002azoakQAA,Merge
0032A00002azpCeQAI,Merge
0032A00002aznryQAA,Merge
0032A00002az3zBQAQ,Merge
0032A00002az4TzQAI,Merge
0032A00002azqLuQAI,Merge
0032A00002azqbhQAA,Merge
0032A00002azoFdQAI,Merge
0032A00002azrnYQAQ,Merge
0032A00002az2sVQAQ,Merge
0032A00002azmMdQAI,Merge
0032A00002az3HMQAY,Merge
0032A00002cSY8DQAW,Merge
0032A00002ezL08QAE,Merge
0032A00002az2srQAA,Merge
0032A00002azpEDQAY,Merge
0032A00002az4EOQAY,Merge
0032A00002azmZ8QAI,Merge
0032A00002azmhqQAA,Merge
0032A00002azqkyQAA,Merge
0032A00002azpIQQAY,Merge
0032A00002azqIMQAY,Merge
0032A00002az3ktQAA,Merge
0032A00002azoczQAA,Merge
0032A00002azpjUQAQ,Merge
0032A00002azrMdQAI,Merge
0032A00002azosDQAQ,Merge
0032A00002azme0QAA,Merge
0032A00002azpm9QAA,Merge
0032A00002az34oQAA,Merge
0032A00002az3DbQAI,Merge
0032A00002az4JNQAY,Merge
0032A00002azn73QAA,Merge
0032A00002aznNTQAY,Merge
0032A00002azqhvQAA,Merge
0032A00002azrGeQAI,Merge
0032A00002qLKQPQA4,Merge
0032A00002az325QAA,Merge
0032A00002azqpuQAA,Merge
0032A00002aznyDQAQ,Merge
0032A00002azrh0QAA,Merge
0032A00002azn8RQAQ,Merge
0032A00002aznJxQAI,Merge
0032A00002az4cgQAA,Merge
0032A00002azna6QAA,Merge
0032A00002azpbCQAQ,Merge
0032A00002az49YQAQ,Merge
0032A00002azmMNQAY,Merge
0032A00002aznBYQAY,Merge
0032A00002aznhQQAQ,Merge
0032A00002azrP0QAI,Merge
0032A00002az3eYQAQ,Merge
0032A00002az3yZQAQ,Merge
0032A00002az4geQAA,Merge
0032A00002azmtmQAA,Merge
0032A00002azoo9QAA,Merge
0032A00002azouXQAQ,Merge
0032A00002azpVbQAI,Merge
0032A00002azrorQAA,Merge
0032A00002azovRQAQ,Merge
0032A00002azo2qQAA,Merge
0032A00002azmfRQAQ,Merge
0032A00002azqtAQAQ,Merge
0032A00002az42eQAA,Merge
0032A00002az43sQAA,Merge
0032A00002azpyAQAQ,Merge
0032A00002aznpAQAQ,Merge
0032A00002az2xdQAA,Merge
0032A00002az4cAQAQ,Merge
0032A00002azqA4QAI,Merge
0032A00002azrkXQAQ,Merge
0032A00002azmqBQAQ,Merge
0032A00002azmgoQAA,Merge
0032A00002az35OQAQ,Merge
0032A00002az4MBQAY,Merge
0032A00002az4QzQAI,Merge
0032A00002az4W4QAI,Merge
0032A00002azmjXQAQ,Merge
0032A00002aznFRQAY,Merge
0032A00002azno6QAA,Merge
0032A00002azoNIQAY,Merge
0032A00002az3EAQAY,Merge
0032A00002az3csQAA,Merge
0032A00002azmLpQAI,Merge
0032A00002azmSYQAY,Merge
0032A00002aznPsQAI,Merge
0032A00002aznK9QAI,Merge
0032A00002aznsuQAA,Merge
0032A00002azo0VQAQ,Merge
0032A00002azqLRQAY,Merge
0032A00002azoX3QAI,Merge
0032A00002azpz9QAA,Merge
0032A00002azqMIQAY,Merge
0032A00002az3FmQAI,Merge
0032A00002azpJOQAY,Merge
0032A00002azrNkQAI,Merge
0032A00002azozCQAQ,Merge
0032A00002aznIFQAY,Merge
0032A00002azqMGQAY,Merge
0032A00002azn5iQAA,Merge
0032A00002azqQoQAI,Merge
0032A00002azo3bQAA,Merge
0032A00002azoU8QAI,Merge
0032A00002azpPEQAY,Merge
0032A00002azr3AQAQ,Merge
0032A00002azrkfQAA,Merge
0032A00002azmQPQAY,Merge
0032A00002azqx7QAA,Merge
0032A00002az464QAA,Merge
0032A00002az4QkQAI,Merge
0032A00002azooLQAQ,Merge
0032A00002az398QAA,Merge
0032A00002az3uyQAA,Merge
0032A00002azo8TQAQ,Merge
0032A00002az3GpQAI,Merge
0032A00002azoxWQAQ,Merge
0032A00002azrWeQAI,Merge
0032A00002az331QAA,Merge
0032A00002azoO3QAI,Merge
0032A00002az4NWQAY,Merge
0032A00002azp0OQAQ,Merge
0032A00002azpJrQAI,Merge
0032A00002az493QAA,Merge
0032A00002azngoQAA,Merge
0032A00002azoajQAA,Merge
0032A00002azpV8QAI,Merge
0032A00002azrZzQAI,Merge
0032A00002azmbWQAQ,Merge
0032A00002azpmvQAA,Merge
0032A00002az4f4QAA,Merge
0032A00002azogkQAA,Merge
0032A00002azphxQAA,Merge
0032A00002azqIwQAI,Merge
0032A00002azrDvQAI,Merge
0032A00002azn5lQAA,Merge
0032A00002azpfpQAA,Merge
0032A00002az44vQAA,Merge
0032A00002azpmhQAA,Merge
0032A00002azrTNQAY,Merge
0032A00002az44xQAA,Merge
0032A00002azqbAQAQ,Merge
0032A00002azqoaQAA,Merge
0032A00002azrU3QAI,Merge
0032A00002azojwQAA,Merge
0032A00002azqfHQAQ,Merge
0032A00002azr4XQAQ,Merge
0032A00002az4VrQAI,Merge
0032A00002azpOKQAY,Merge
0032A00002az31yQAA,Merge
0032A00002az3ppQAA,Merge
0032A00002azmJ0QAI,Merge
0032A00002azmMqQAI,Merge
0032A00002azmdeQAA,Merge
0032A00002azoGvQAI,Merge
0032A00002azrqEQAQ,Merge
0032A00002az3MfQAI,Merge
0032A00002aznmbQAA,Merge
0032A00002azpOTQAY,Merge
0032A00002az3deQAA,Merge
0032A00002azmzfQAA,Merge
0032A00002azpNlQAI,Merge
0032A00002az4Z2QAI,Merge
0032A00002azoCXQAY,Merge
0032A00002azoT1QAI,Merge
0032A00002azpbbQAA,Merge
0032A00002az34TQAQ,Merge
0032A00002az34pQAA,Merge
0032A00002azpIdQAI,Merge
0032A00002azq3xQAA,Merge
0032A00002azmxTQAQ,Merge
0032A00002aznZgQAI,Merge
0032A00002azpzCQAQ,Merge
0032A00002azrlMQAQ,Merge
0032A00002az3rKQAQ,Merge
0032A00002azmJrQAI,Merge
0032A00002az4PfQAI,Merge
0032A00002az409QAA,Merge
0032A00002az4GJQAY,Merge
0032A00002azpBYQAY,Merge
0032A00002azqnTQAQ,Merge
0032A00002aznmXQAQ,Merge
0032A00002aznn4QAA,Merge
0032A00002azplDQAQ,Merge
0032A00002az35YQAQ,Merge
0032A00002az3njQAA,Merge
0032A00002az4VoQAI,Merge
0032A00002az4VSQAY,Merge
0032A00002azmz1QAA,Merge
0032A00002azn57QAA,Merge
0032A00002azojbQAA,Merge
0032A00002azqqbQAA,Merge
0032A00002azokSQAQ,Merge
0032A00002azpbpQAA,Merge
0032A00002azpapQAA,Merge
0032A00002azrQoQAI,Merge
0032A00002azoHAQAY,Merge
0032A00002az3aJQAQ,Merge
0032A00002az3Z9QAI,Merge
0032A00002azobYQAQ,Merge
0032A00002azr0AQAQ,Merge
0032A00002azoKhQAI,Merge
0032A00002azqO6QAI,Merge
0032A00002azn2wQAA,Merge
0032A00002aznE3QAI,Merge
0032A00002azoHpQAI,Merge
0032A00002azpeQQAQ,Merge
0032A00002oomw3QAA,Merge
0032A00002azpqQQAQ,Merge
0032A00002azqCMQAY,Merge
0032A00002azqATQAY,Merge
0032A00002az3CWQAY,Merge
0032A00002azmEAQAY,Merge
0032A00002azqJWQAY,Merge
0032A00002az3veQAA,Merge
0032A00002azmEpQAI,Merge
0032A00002azp9yQAA,Merge
0032A00002azqUsQAI,Merge
0032A00002aznomQAA,Merge
0032A00002azqHHQAY,Merge
0032A00002azoAsQAI,Merge
0032A00002azrRkQAI,Merge
0032A00002azovdQAA,Merge
0032A00002azqKzQAI,Merge
0032A00002az42JQAQ,Merge
0032A00002azn7BQAQ,Merge
0032A00002azp2lQAA,Merge
0032A00002azqztQAA,Merge
0032A00002azmJ6QAI,Merge
0032A00002az3iMQAQ,Merge
0032A00002azmi6QAA,Merge
0032A00002azpdGQAQ,Merge
0032A00002azqRnQAI,Merge
0032A00002az3xXQAQ,Merge
0032A00002az4M6QAI,Merge
0032A00002azrgRQAQ,Merge
0032A00002az3vmQAA,Merge
0032A00002azCsZQAU,Merge
0032A00002azrSGQAY,Merge
0032A00002az3FwQAI,Merge
0032A00002az3Z6QAI,Merge
0032A00002azmD6QAI,Merge
0032A00002aznuYQAQ,Merge
0032A00002aznyGQAQ,Merge
0032A00002azqyRQAQ,Merge
0032A00002az39nQAA,Merge
0032A00002az3gVQAQ,Merge
0032A00002az4YsQAI,Merge
0032A00002azrfkQAA,Merge
0032A00002azq9YQAQ,Merge
0032A00002bew0bQAA,Merge
0032A00002azroXQAQ,Merge
0032A00002azqQWQAY,Merge
0032A00002aznTWQAY,Merge
0032A00002azo7dQAA,Merge
0032A00002azmXrQAI,Merge
0032A00002azoyYQAQ,Merge
0032A00002aznJOQAY,Merge
0032A00002az3DWQAY,Merge
0032A00002azmTsQAI,Merge
0032A00002azpCZQAY,Merge
0032A00002azpXwQAI,Merge
0032A00002azmgyQAA,Merge
0032A00002azr7vQAA,Merge
0032A00002az4XHQAY,Merge
0032A00002azqBXQAY,Merge
0032A00002azmG2QAI,Merge
0032A00002az3AfQAI,Merge
0032A00002azpnRQAQ,Merge
0032A00002aznSiQAI,Merge
0032A00002azp5FQAQ,Merge
0032A00002az3HbQAI,Merge
0032A00002azmFZQAY,Merge
0032A00002azmdTQAQ,Merge
0032A00002azmnCQAQ,Merge
0032A00002azmzHQAQ,Merge
0032A00002aznjPQAQ,Merge
0032A00002aznipQAA,Merge
0032A00002azqeWQAQ,Merge
0032A00002azqhdQAA,Merge
0032A00002azr35QAA,Merge
0032A00002azrbQQAQ,Merge
0032A00002azrg3QAA,Merge
0032A00002aznBNQAY,Merge
0032A00002az3FuQAI,Merge
0032A00002azp46QAA,Merge
0032A00002azmNaQAI,Merge
0032A00002azmeTQAQ,Merge
0032A00002azmsWQAQ,Merge
0032A00002azn6GQAQ,Merge
0032A00002aznO5QAI,Merge
0032A00002azoJBQAY,Merge
0032A00002azp0LQAQ,Merge
0032A00002aznEwQAI,Merge
0032A00002aznfCQAQ,Merge
0032A00002azq5vQAA,Merge
0032A00002az4AZQAY,Merge
0032A00002azp07QAA,Merge
0032A00002az4BpQAI,Merge
0032A00002azoAWQAY,Merge
0032A00002azq2dQAA,Merge
0032A00002azqsRQAQ,Merge
0032A00002az3s8QAA,Merge
0032A00002azmb1QAA,Merge
0032A00002aznp6QAA,Merge
0032A00002azoEbQAI,Merge
0032A00002azorrQAA,Merge
0032A00002azp0aQAA,Merge
0032A00002azr3TQAQ,Merge
0032A00002azo8AQAQ,Merge
0032A00002azrnRQAQ,Merge
0032A00002aznOMQAY,Merge
0032A00002az4ckQAA,Merge
0032A00002azr6rQAA,Merge
0032A00002azrHdQAI,Merge
0032A00002aznoiQAA,Merge
0032A00002azqD0QAI,Merge
0032A00002azmo3QAA,Merge
0032A00002azn0JQAQ,Merge
0032A00002azq9BQAQ,Merge
0032A00002azoW3QAI,Merge
0032A00002azrVbQAI,Merge
0032A00002az3eeQAA,Merge
0032A00002azqy4QAA,Merge
0032A00002azn2IQAQ,Merge
0032A00002aznQIQAY,Merge
0032A00002azocjQAA,Merge
0032A00002az3fxQAA,Merge
0032A00002azmslQAA,Merge
0032A00002azoSYQAY,Merge
0032A00002azpXWQAY,Merge
0032A00002azqlbQAA,Merge
0032A00002azoOwQAI,Merge
0032A00002azqyUQAQ,Merge
0032A00002azmPhQAI,Merge
0032A00002azmYrQAI,Merge
0032A00002azp4SQAQ,Merge
0032A00002azpkbQAA,Merge
0032A00002aznsWQAQ,Merge
0032A00002az3uoQAA,Merge
0032A00002azmgcQAA,Merge
0032A00002azqEPQAY,Merge
0032A00002azqO7QAI,Merge
0032A00002az3vvQAA,Merge
0032A00002aznuUQAQ,Merge
0032A00002az3cnQAA,Merge
0032A00002azoABQAY,Merge
0032A00002azpwLQAQ,Merge
0032A00002az42LQAQ,Merge
0032A00002aznP0QAI,Merge
0032A00002azrPXQAY,Merge
0032A00002azmsmQAA,Merge
0032A00002azmwmQAA,Merge
0032A00002aznF6QAI,Merge
0032A00002azorVQAQ,Merge
0032A00002azrW6QAI,Merge
0032A00002azrkSQAQ,Merge
0032A00002az3NMQAY,Merge
0032A00002azo2fQAA,Merge
0032A00002azoJSQAY,Merge
0032A00002az3ahQAA,Merge
0032A00002azoykQAA,Merge
0032A00002azp7bQAA,Merge
0032A00002azpg5QAA,Merge
0032A00002azrguQAA,Merge
0032A00002az3nQQAQ,Merge
0032A00002azp29QAA,Merge
0032A00002azn0xQAA,Merge
0032A00002azoYPQAY,Merge
0032A00002azpDZQAY,Merge
0032A00002azmIkQAI,Merge
0032A00002azpVUQAY,Merge
0032A00002azqFBQAY,Merge
0032A00002azqM1QAI,Merge
0032A00002azqm0QAA,Merge
0032A00002azpbFQAQ,Merge
0032A00002azocKQAQ,Merge
0032A00002azpYTQAY,Merge
0032A00002onErcQAE,Merge
0032A00002azn45QAA,Merge
0032A00002az3MgQAI,Merge
0032A00002azmWlQAI,Merge
0032A00002azp6XQAQ,Merge
0032A00002azoosQAA,Merge
0032A00002azr7NQAQ,Merge
0032A00002azpRiQAI,Merge
0032A00002az3g5QAA,Merge
0032A00002aznTGQAY,Merge
0032A00002azpbyQAA,Merge
0032A00002az4MOQAY,Merge
0032A00002azpahQAA,Merge
0032A00002azq48QAA,Merge
0032A00002azqMCQAY,Merge
0032A00002azqfKQAQ,Merge
0032A00002azneGQAQ,Merge
0032A00002azq5HQAQ,Merge
0032A00002az3o8QAA,Merge
0032A00002az3ZyQAI,Merge
0032A00002az3tLQAQ,Merge
0032A00002az46MQAQ,Merge
0032A00002azmrIQAQ,Merge
0032A00002azrF2QAI,Merge
0032A00002azrU6QAI,Merge
0032A00002az3OgQAI,Merge
0032A00002aznrPQAQ,Merge
0032A00002azn7AQAQ,Merge
0032A00002azo6WQAQ,Merge
0032A00002azqquQAA,Merge
0032A00002azrM7QAI,Merge
0032A00002azq4AQAQ,Merge
0032A00002aznSQQAY,Merge
0032A00002azqIbQAI,Merge
0032A00002azqOFQAY,Merge
0032A00002azmD4QAI,Merge
0032A00002azmXjQAI,Merge
0032A00002azmV5QAI,Merge
0032A00002azpM6QAI,Merge
0032A00002azpYCQAY,Merge
0032A00002azqF9QAI,Merge
0032A00002azrk5QAA,Merge
0032A00002azo5mQAA,Merge
0032A00002azqebQAA,Merge
0032A00002az3ycQAA,Merge
0032A00002azoGrQAI,Merge
0032A00002azqveQAA,Merge
0032A00002az3NjQAI,Merge
0032A00002az3x7QAA,Merge
0032A00002azq5YQAQ,Merge
0032A00002az3QDQAY,Merge
0032A00002azmpKQAQ,Merge
0032A00002emXKTQA2,Merge
0032A00002kM5xuQAC,Merge
0032A00002az480QAA,Merge
0032A00002aznwGQAQ,Merge
0032A00002azoIMQAY,Merge
0032A00002azmLAQAY,Merge
0032A00002aznBVQAY,Merge
0032A00002aznkFQAQ,Merge
0032A00002az3xTQAQ,Merge
0032A00002aznY2QAI,Merge
0032A00002azolqQAA,Merge
0032A00002azqdsQAA,Merge
0032A00002aznZiQAI,Merge
0032A00002azofLQAQ,Merge
0032A00002az3OwQAI,Merge
0032A00002azom8QAA,Merge
0032A00002azqqjQAA,Merge
0032A00002azqmXQAQ,Merge
0032A00002azr5EQAQ,Merge
0032A00002az3RyQAI,Merge
0032A00002az4CGQAY,Merge
0032A00002azmyaQAA,Merge
0032A00002azmzYQAQ,Merge
0032A00002azorwQAA,Merge
0032A00002azmN9QAI,Merge
0032A00002azmPBQAY,Merge
0032A00002azoqbQAA,Merge
0032A00002azp2KQAQ,Merge
0032A00002azpJ8QAI,Merge
0032A00002az3T8QAI,Merge
0032A00002az3VgQAI,Merge
0032A00002az3n0QAA,Merge
0032A00002azmupQAA,Merge
0032A00002aznsvQAA,Merge
0032A00002azqZNQAY,Merge
0032A00002azqqtQAA,Merge
0032A00002aznTkQAI,Merge
0032A00002azo82QAA,Merge
0032A00002azpiMQAQ,Merge
0032A00002azqF8QAI,Merge
0032A00002azqz8QAA,Merge
0032A00002azoMQQAY,Merge
0032A00002azqVWQAY,Merge
0032A00002azoKIQAY,Merge
0032A00002azoBwQAI,Merge
0032A00002azqwBQAQ,Merge
0032A00002az3ToQAI,Merge
0032A00002aznHNQAY,Merge
0032A00002azpvAQAQ,Merge
0032A00002azmIvQAI,Merge
0032A00002azntfQAA,Merge
0032A00002azns1QAA,Merge
0032A00002azr2BQAQ,Merge
0032A00002azr2zQAA,Merge
0032A00002aznxtQAA,Merge
0032A00002azrfVQAQ,Merge
0032A00002az3TMQAY,Merge
0032A00002azqMRQAY,Merge
0032A00002az3TQQAY,Merge
0032A00002azmr8QAA,Merge
0032A00002azp9tQAA,Merge
0032A00002aznHtQAI,Merge
0032A00002azpoZQAQ,Merge
0032A00002azq0cQAA,Merge
0032A00002azqMtQAI,Merge
0032A00002az4J3QAI,Merge
0032A00002azoeUQAQ,Merge
0032A00002azpAsQAI,Merge
0032A00002azquMQAQ,Merge
0032A00002azqs1QAA,Merge
0032A00002azr7OQAQ,Merge
0032A00002azrFzQAI,Merge
0032A00002azmuJQAQ,Merge
0032A00002azoDMQAY,Merge
0032A00002azntMQAQ,Merge
0032A00002azquGQAQ,Merge
0032A00002azoRGQAY,Merge
0032A00002azomDQAQ,Merge
0032A00002azp4DQAQ,Merge
0032A00002azq9pQAA,Merge
0032A00002azrFWQAY,Merge
0032A00002azrJjQAI,Merge
0032A00002azpaMQAQ,Merge
0032A00002azrgnQAA,Merge
0032A00002azovfQAA,Merge
0032A00002azmy8QAA,Merge
0032A00002azmfYQAQ,Merge
0032A00002azmovQAA,Merge
0032A00002azo1fQAA,Merge
0032A00002azo19QAA,Merge
0032A00002azoc8QAA,Merge
0032A00002azolaQAA,Merge
0032A00002az3aSQAQ,Merge
0032A00002azojtQAA,Merge
0032A00002azqnBQAQ,Merge
0032A00002az3aAQAQ,Merge
0032A00002az4O9QAI,Merge
0032A00002azmcdQAA,Merge
0032A00002azpklQAA,Merge
0032A00002azqYLQAY,Merge
0032A00002azrhmQAA,Merge
0032A00002azmexQAA,Merge
0032A00002azoRYQAY,Merge
0032A00002azq8wQAA,Merge
0032A00002azrRdQAI,Merge
0032A00002az3ZQQAY,Merge
0032A00002azn4sQAA,Merge
0032A00002aznlOQAQ,Merge
0032A00002aznobQAA,Merge
0032A00002azoQGQAY,Merge
0032A00002mvdVPQAY,Merge
0032A00002aznHiQAI,Merge
0032A00002azoV4QAI,Merge
0032A00002azqpLQAQ,Merge
0032A00002az3jxQAA,Merge
0032A00002azmOdQAI,Merge
0032A00002az42OQAQ,Merge
0032A00002azpARQAY,Merge
0032A00002az4NTQAY,Merge
0032A00002azoSsQAI,Merge
0032A00002az4UAQAY,Merge
0032A00002azn0lQAA,Merge
0032A00002azmtOQAQ,Merge
0032A00002az4YPQAY,Merge
0032A00002azofyQAA,Merge
0032A00002azpKcQAI,Merge
0032A00002azqb9QAA,Merge
0032A00002azrlCQAQ,Merge
0032A00002az4BAQAY,Merge
0032A00002azoafQAA,Merge
0032A00002azmddQAA,Merge
0032A00002azmt8QAA,Merge
0032A00002az3hIQAQ,Merge
0032A00002azrRXQAY,Merge
0032A00002azolCQAQ,Merge
0032A00002azqJKQAY,Merge
0032A00002az3scQAA,Merge
0032A00002azouVQAQ,Merge
0032A00002azp8dQAA,Merge
0032A00002azqXRQAY,Merge
0032A00002higI0QAI,Merge
0032A00002azpiOQAQ,Merge
0032A00002gcE0nQAE,Merge
0032A00002az45CQAQ,Merge
0032A00002azmVJQAY,Merge
0032A00002aznw1QAA,Merge
0032A00002azma3QAA,Merge
0032A00002az410QAA,Merge
0032A00002aznPrQAI,Merge
0032A00002azqzFQAQ,Merge
0032A00002aznOSQAY,Merge
0032A00002azmquQAA,Merge
0032A00002az3tIQAQ,Merge
0032A00002azoTGQAY,Merge
0032A00002azpg7QAA,Merge
0032A00002azrBdQAI,Merge
0032A00002aznznQAA,Merge
0032A00002azrb4QAA,Merge
0032A00002azovgQAA,Merge
0032A00002azqbrQAA,Merge
0032A00002azqpDQAQ,Merge
0032A00002azmUCQAY,Merge
0032A00002aznClQAI,Merge
0032A00002aznhHQAQ,Merge
0032A00002azqm4QAA,Merge
0032A00002azrMtQAI,Merge
0032A00002azqlNQAQ,Merge
0032A00002azqg6QAA,Merge
0032A00002az4B4QAI,Merge
0032A00002azmOxQAI,Merge
0032A00002azofiQAA,Merge
0032A00002azpnkQAA,Merge
0032A00002azqcCQAQ,Merge
0032A00002azntaQAA,Merge
0032A00002azorPQAQ,Merge
0032A00002azrMJQAY,Merge
0032A00002azrBDQAY,Merge
0032A00002az3y5QAA,Merge
0032A00002az4KwQAI,Merge
0032A00002azn7JQAQ,Merge
0032A00002azo1TQAQ,Merge
0032A00002azoo8QAA,Merge
0032A00002aznyEQAQ,Merge
0032A00002azr78QAA,Merge
0032A00002azrI8QAI,Merge
0032A00002aznzEQAQ,Merge
0032A00002azmLGQAY,Merge
0032A00002az3jsQAA,Merge
0032A00002azmahQAA,Merge
0032A00002azqdkQAA,Merge
0032A00002azo2mQAA,Merge
0032A00002azoCvQAI,Merge
0032A00002azpm1QAA,Merge
0032A00002azoMZQAY,Merge
0032A00002azmRsQAI,Merge
0032A00002azneEQAQ,Merge
0032A00002azpX7QAI,Merge
0032A00002azr5OQAQ,Merge
0032A00002azmTUQAY,Merge
0032A00002azpTxQAI,Merge
0032A00002azqVwQAI,Merge
0032A00002az3l3QAA,Merge
0032A00002azqpTQAQ,Merge
0032A00002azmobQAA,Merge
0032A00002aznm9QAA,Merge
0032A00002azp5UQAQ,Merge
0032A00002azqeIQAQ,Merge
0032A00002azma2QAA,Merge
0032A00002azmtiQAA,Merge
0032A00002azqUEQAY,Merge
0032A00002azmfcQAA,Merge
0032A00002azoSrQAI,Merge
0032A00002azoc7QAA,Merge
0032A00002azocwQAA,Merge
0032A00002azolNQAQ,Merge
0032A00002azqfBQAQ,Merge
0032A00002az3lfQAA,Merge
0032A00002azmPFQAY,Merge
0032A00002azp2tQAA,Merge
0032A00002azpzOQAQ,Merge
0032A00002azr0TQAQ,Merge
0032A00002ipNdtQAE,Merge
0032A00002azn2yQAA,Merge
0032A00002aznoHQAQ,Merge
0032A00002azo5jQAA,Merge
0032A00002azqrxQAA,Merge
0032A00002az43OQAQ,Merge
0032A00002azntmQAA,Merge
0032A00002azrXXQAY,Merge
0032A00002azn36QAA,Merge
0032A00002azodPQAQ,Merge
0032A00002azp4nQAA,Merge
0032A00002azreOQAQ,Merge
0032A00002az3utQAA,Merge
0032A00002az441QAA,Merge
0032A00002azpIAQAY,Merge
0032A00002azqwCQAQ,Merge
0032A00002azmcDQAQ,Merge
0032A00002aznkrQAA,Merge
0032A00002azoRZQAY,Merge
0032A00002azpa2QAA,Merge
0032A00002azqQeQAI,Merge
0032A00002aznODQAY,Merge
0032A00002az4gAQAQ,Merge
0032A00002azmUeQAI,Merge
0032A00002azpZGQAY,Merge
0032A00002az4YlQAI,Merge
0032A00002azmIPQAY,Merge
0032A00002azoklQAA,Merge
0032A00002azqYNQAY,Merge
0032A00002azqfMQAQ,Merge
0032A00002azrKNQAY,Merge
0032A00002az4OeQAI,Merge
0032A00002azqyGQAQ,Merge
0032A00002azr6qQAA,Merge
0032A00002azoVqQAI,Merge
0032A00002azmeCQAQ,Merge
0032A00002azoWbQAI,Merge
0032A00002azqU8QAI,Merge
0032A00002azrCdQAI,Merge
0032A00002az48XQAQ,Merge
0032A00002azpsUQAQ,Merge
0032A00002azqFAQAY,Merge
0032A00002azmSVQAY,Merge
0032A00002azoTVQAY,Merge
0032A00002azofgQAA,Merge
0032A00002azoKbQAI,Merge
0032A00002aznz8QAA,Merge
0032A00002azqLPQAY,Merge
0032A00002azrXJQAY,Merge
0032A00002azq9oQAA,Merge
0032A00002az3vVQAQ,Merge
0032A00002azmWHQAY,Merge
0032A00002azqjAQAQ,Merge
0032A00002azoDSQAY,Merge
0032A00002azpJWQAY,Merge
0032A00002azmnLQAQ,Merge
0032A00002aznx7QAA,Merge
0032A00002azoTbQAI,Merge
0032A00002azoSEQAY,Merge
0032A00002az472QAA,Merge
0032A00002azq1kQAA,Merge
0032A00002azmWWQAY,Merge
0032A00002azo3ZQAQ,Merge
0032A00002azrS0QAI,Merge
0032A00002az48gQAA,Merge
0032A00002azmX4QAI,Merge
0032A00002azoZlQAI,Merge
0032A00002azpJYQAY,Merge
0032A00002azqqoQAA,Merge
0032A00002azo6ZQAQ,Merge
0032A00002azp4AQAQ,Merge
0032A00002azqieQAA,Merge
0032A00002azmoCQAQ,Merge
0032A00002azoiyQAA,Merge
0032A00002azpADQAY,Merge
0032A00002az4SdQAI,Merge
0032A00002aznocQAA,Merge
0032A00002aznteQAA,Merge
0032A00002azpXAQAY,Merge
0032A00002azmmpQAA,Merge
0032A00002azpq2QAA,Merge
0032A00002azqKMQAY,Merge
0032A00002azqI3QAI,Merge
0032A00002azpBMQAY,Merge
0032A00002az3ynQAA,Merge
0032A00002azmp3QAA,Merge
0032A00002azrdKQAQ,Merge
0032A00002az4DoQAI,Merge
0032A00002az4EIQAY,Merge
0032A00002az4NbQAI,Merge
0032A00002azotdQAA,Merge
0032A00002azpIgQAI,Merge
0032A00002azqR1QAI,Merge
0032A00002azoUuQAI,Merge
0032A00002azqBjQAI,Merge
0032A00002azoQyQAI,Merge
0032A00002azptgQAA,Merge
0032A00002azoozQAA,Merge
0032A00002azpM9QAI,Merge
0032A00002aznB6QAI,Merge
0032A00002az3wDQAQ,Merge
0032A00002aznrKQAQ,Merge
0032A00002azpRaQAI,Merge
0032A00002azp2PQAQ,Merge
0032A00002azpbDQAQ,Merge
0032A00002azqNuQAI,Merge
0032A00002azrT6QAI,Merge
0032A00002azqx5QAA,Merge
0032A00002azqzNQAQ,Merge
0032A00002azrU4QAI,Merge
0032A00002azmP3QAI,Merge
0032A00002azobGQAQ,Merge
0032A00002az4QKQAY,Merge
0032A00002azoPLQAY,Merge
0032A00002aznn1QAA,Merge
0032A00002azpSDQAY,Merge
0032A00002azp8tQAA,Merge
0032A00002azr7pQAA,Merge
0032A00002azre6QAA,Merge
0032A00002oocCwQAI,Merge
0032A00002azqtUQAQ,Merge
0032A00002az4U7QAI,Merge
0032A00002az4L0QAI,Merge
0032A00002azomWQAQ,Merge
0032A00002azrLEQAY,Merge
0032A00002aznf0QAA,Merge
0032A00002azp0dQAA,Merge
0032A00002azplMQAQ,Merge
0032A00002azq3UQAQ,Merge
0032A00002aznbZQAQ,Merge
0032A00002azpfZQAQ,Merge
0032A00002azqI9QAI,Merge
0032A00002azpfwQAA,Merge
0032A00002azq7EQAQ,Merge
0032A00002az44NQAQ,Merge
0032A00002azoqvQAA,Merge
0032A00002azqSVQAY,Merge
0032A00002azmQLQAY,Merge
0032A00002azn3GQAQ,Merge
0032A00002azo4kQAA,Merge
0032A00002azoA5QAI,Merge
0032A00002azqHwQAI,Merge
0032A00002azqSCQAY,Merge
0032A00002azqhJQAQ,Merge
0032A00002azrP2QAI,Merge
0032A00002aznO2QAI,Merge
0032A00002mujHsQAI,Merge
0032A00002az42aQAA,Merge
0032A00002aznblQAA,Merge
0032A00002azraEQAQ,Merge
0032A00002az4giQAA,Merge
0032A00002azpoKQAQ,Merge
0032A00002azo5pQAA,Merge
0032A00002azoM8QAI,Merge
0032A00002azomtQAA,Merge
0032A00002azmonQAA,Merge
0032A00002azo1yQAA,Merge
0032A00002azofVQAQ,Merge
0032A00002azmofQAA,Merge
0032A00002aznv3QAA,Merge
0032A00002aznwrQAA,Merge
0032A00002azpkaQAA,Merge
0032A00002azodKQAQ,Merge
0032A00002azqa2QAA,Merge
0032A00002azq6xQAA,Merge
0032A00002azr7yQAA,Merge
0032A00002azpDiQAI,Merge
0032A00002azoUoQAI,Merge
0032A00002azquzQAA,Merge
0032A00002azpQpQAI,Merge
0032A00002azpiVQAQ,Merge
0032A00002azq8jQAA,Merge
0032A00002azoa8QAA,Merge
0032A00002azmuZQAQ,Merge
0032A00002az47sQAA,Merge
0032A00002azmlhQAA,Merge
0032A00002azpERQAY,Merge
0032A00002azrp5QAA,Merge
0032A00002azoXAQAY,Merge
0032A00002azrfyQAA,Merge
0032A00002az48lQAA,Merge
0032A00002azqaZQAQ,Merge
0032A00002azoDUQAY,Merge
0032A00002azqCeQAI,Merge
0032A00002azqKnQAI,Merge
0032A00002az4F6QAI,Merge
0032A00002az4QPQAY,Merge
0032A00002azq4oQAA,Merge
0032A00002azqdNQAQ,Merge
0032A00002azr6LQAQ,Merge
0032A00002azo3vQAA,Merge
0032A00002az4B9QAI,Merge
0032A00002azrGHQAY,Merge
0032A00002azpIZQAY,Merge
0032A00002azpT1QAI,Merge
0032A00002azq1vQAA,Merge
0032A00002azmrjQAA,Merge
0032A00002azqfPQAQ,Merge
0032A00002aznD0QAI,Merge
0032A00002azr3hQAA,Merge
0032A00002azoQLQAY,Merge
0032A00002az49dQAA,Merge
0032A00002azqx0QAA,Merge
0032A00002azmIBQAY,Merge
0032A00002azpBjQAI,Merge
0032A00002azr9XQAQ,Merge
0032A00002aznc3QAA,Merge
0032A00002azqZIQAY,Merge
0032A00002azneeQAA,Merge
0032A00002azpfSQAQ,Merge
0032A00002azqFyQAI,Merge
0032A00002azqqPQAQ,Merge
0032A00002az4DLQAY,Merge
0032A00002azrliQAA,Merge
0032A00002aznJvQAI,Merge
0032A00002azo7sQAA,Merge
0032A00002azobKQAQ,Merge
0032A00002azrgHQAQ,Merge
0032A00002azmfIQAQ,Merge
0032A00002azoo2QAA,Merge
0032A00002az4NGQAY,Merge
0032A00002azmEhQAI,Merge
0032A00002azpCLQAY,Merge
0032A00002azpJ7QAI,Merge
0032A00002az4c6QAA,Merge
0032A00002azoSxQAI,Merge
0032A00002azpRvQAI,Merge
0032A00002azqAyQAI,Merge
0032A00002az4Q3QAI,Merge
0032A00002azonLQAQ,Merge
0032A00002azrEgQAI,Merge
0032A00002azqDPQAY,Merge
0032A00002azrfsQAA,Merge
0032A00002az4c8QAA,Merge
0032A00002azmM0QAI,Merge
0032A00002azoQkQAI,Merge
0032A00002azpXjQAI,Merge
0032A00002azrGVQAY,Merge
0032A00002azmpqQAA,Merge
0032A00002azqtXQAQ,Merge
0032A00002azqiZQAQ,Merge
0032A00002aznNCQAY,Merge
0032A00002azqa6QAA,Merge
0032A00002azrItQAI,Merge
0032A00002az4XRQAY,Merge
0032A00002azoZ3QAI,Merge
0032A00002azqvfQAA,Merge
0032A00002azrDAQAY,Merge
0032A00002dEbToQAK,Merge
0032A00002az4UDQAY,Merge
0032A00002azovmQAA,Merge
0032A00002azqPkQAI,Merge
0032A00002azq6AQAQ,Merge
0032A00002azod1QAA,Merge
0032A00002azpVsQAI,Merge
0032A00002azqx3QAA,Merge
0032A00002azrG5QAI,Merge
0032A00002azrSUQAY,Merge
0032A00002aznASQAY,Merge
0032A00002azrM0QAI,Merge
0032A00002aznd4QAA,Merge
0032A00002az4RJQAY,Merge
0032A00002azpESQAY,Merge
0032A00002azq9VQAQ,Merge
0032A00002azqdnQAA,Merge
0032A00002azrfTQAQ,Merge
0032A00002azqmvQAA,Merge
0032A00002aznzmQAA,Merge
0032A00002azmFqQAI,Merge
0032A00002azpB2QAI,Merge
0032A00002azmEiQAI,Merge
0032A00002azmnyQAA,Merge
0032A00002azoADQAY,Merge
0032A00002azohuQAA,Merge
0032A00002azmmVQAQ,Merge
0032A00002azps1QAA,Merge
0032A00002azpzKQAQ,Merge
0032A00002azqjcQAA,Merge
0032A00002azrEpQAI,Merge
0032A00002azoKqQAI,Merge
0032A00002azrcoQAA,Merge
0032A00002az4gdQAA,Merge
0032A00002azoaTQAQ,Merge
0032A00002azp2vQAA,Merge
0032A00002azr3aQAA,Merge
0032A00002azrmkQAA,Merge
0032A00002azqlcQAA,Merge
0032A00002azrhXQAQ,Merge
0032A00002az4Q9QAI,Merge
0032A00002az4deQAA,Merge
0032A00002azq0NQAQ,Merge
0032A00002az4cpQAA,Merge
0032A00002azrJJQAY,Merge
0032A00002azpQJQAY,Merge
0032A00002azqKsQAI,Merge
0032A00002azrKMQAY,Merge
0032A00002azmTEQAY,Merge
0032A00002azmhiQAA,Merge
0032A00002azo2dQAA,Merge
0032A00002azoFmQAI,Merge
0032A00002az4SVQAY,Merge
0032A00002azqBPQAY,Merge
0032A00002azn34QAA,Merge
0032A00002az4SaQAI,Merge
0032A00002azobLQAQ,Merge
0032A00002azpF8QAI,Merge
0032A00002azplkQAA,Merge
0032A00002azrkHQAQ,Merge
0032A00002azr4uQAA,Merge
0032A00002aznyZQAQ,Merge
0032A00002azp2YQAQ,Merge
0032A00002azpqoQAA,Merge
0032A00002aznDHQAY,Merge
0032A00002az4UZQAY,Merge
0032A00002azmKFQAY,Merge
0032A00002azrVwQAI,Merge
0032A00002azrNvQAI,Merge
0032A00002azmWdQAI,Merge
0032A00002azqm2QAA,Merge
0032A00002azrI5QAI,Merge
0032A00002azmISQAY,Merge
0032A00002azmVeQAI,Merge
0032A00002azn1MQAQ,Merge
0032A00002azoVUQAY,Merge
0032A00002azqyhQAA,Merge
0032A00002azriOQAQ,Merge
0032A00002azoEhQAI,Merge
0032A00002azqr6QAA,Merge
0032A00002aznB9QAI,Merge
0032A00002azpeSQAQ,Merge
0032A00002azrekQAA,Merge
0032A00002azrkJQAQ,Merge
0032A00002azmdYQAQ,Merge
0032A00002azniRQAQ,Merge
0032A00002azpkDQAQ,Merge
0032A00002azr4SQAQ,Merge
0032A00002azr6BQAQ,Merge
0032A00002az4YaQAI,Merge
0032A00002azoHUQAY,Merge
0032A00002azrgYQAQ,Merge
0032A00002azpgEQAQ,Merge
0032A00002azqDGQAY,Merge
0032A00002azmFmQAI,Merge
0032A00002azmSkQAI,Merge
0032A00002azq5DQAQ,Merge
0032A00002azqm7QAA,Merge
0032A00002aznCaQAI,Merge
0032A00002aznOUQAY,Merge
0032A00002aznlmQAA,Merge
0032A00002azphvQAA,Merge
0032A00002azoNPQAY,Merge
0032A00002azpJ2QAI,Merge
0032A00002azmkhQAA,Merge
0032A00002azpbtQAA,Merge
0032A00002azrCsQAI,Merge
0032A00002azrpEQAQ,Merge
0032A00002azmWbQAI,Merge
0032A00002azqTaQAI,Merge
0032A00002aznxeQAA,Merge
0032A00002azpPGQAY,Merge
0032A00002azqLHQAY,Merge
0032A00002azpVqQAI,Merge
0032A00002azrOmQAI,Merge
0032A00002azn6MQAQ,Merge
0032A00002azqwDQAQ,Merge
0032A00002azpUKQAY,Merge
0032A00002azqmwQAA,Merge
0032A00002azr92QAA,Merge
0032A00002aznb5QAA,Merge
0032A00002aznwmQAA,Merge
0032A00002azrNAQAY,Merge
0032A00002azmQKQAY,Merge
0032A00002azmsKQAQ,Merge
0032A00002azrj4QAA,Merge
0032A00002aznfPQAQ,Merge
0032A00002azps0QAA,Merge
0032A00002aznUsQAI,Merge
0032A00002azmgfQAA,Merge
0032A00002aznaTQAQ,Merge
0032A00002azr46QAA,Merge
0032A00002azqDFQAY,Merge
0032A00002azqRJQAY,Merge
0032A00002azrKcQAI,Merge
0032A00002azn9xQAA,Merge
0032A00002azqluQAA,Merge
0032A00002azp9GQAQ,Merge
0032A00002azmiwQAA,Merge
0032A00002aznFUQAY,Merge
0032A00002azqhTQAQ,Merge
0032A00002azqBIQAY,Merge
0032A00002azpzIQAQ,Merge
0032A00002azmUwQAI,Merge
0032A00002azpdFQAQ,Merge
0032A00002azqIOQAY,Merge
0032A00002azqIGQAY,Merge
0032A00002azpNrQAI,Merge
0032A00002azoXKQAY,Merge
0032A00002azoaCQAQ,Merge
0032A00002azrhaQAA,Merge
0032A00002aznU2QAI,Merge
0032A00002aznlpQAA,Merge
0032A00002azqqMQAQ,Merge
0032A00002azqj1QAA,Merge
0032A00002azoT3QAI,Merge
0032A00002azmFWQAY,Merge
0032A00002azpExQAI,Merge
0032A00002azrP6QAI,Merge
0032A00002azpBiQAI,Merge
0032A00002azo7vQAA,Merge
0032A00002azoFMQAY,Merge
0032A00002azoqDQAQ,Merge
0032A00002azop1QAA,Merge
0032A00002azoXmQAI,Merge
0032A00002azrbaQAA,Merge
0032A00002cBQHtQAO,Merge
0032A00002azrl1QAA,Merge
0032A00002azn0zQAA,Merge
0032A00002azn2JQAQ,Merge
0032A00002aznOnQAI,Merge
0032A00002azpl8QAA,Merge
0032A00002azq6JQAQ,Merge
0032A00002azmJcQAI,Merge
0032A00002aznrLQAQ,Merge
0032A00002azoyDQAQ,Merge
0032A00002azqBCQAY,Merge
0032A00002azqc4QAA,Merge
0032A00002azrFNQAY,Merge
0032A00002azriIQAQ,Merge
0032A00002azni0QAA,Merge
0032A00002azoWyQAI,Merge
0032A00002azrVLQAY,Merge
0032A00002azqAHQAY,Merge
0032A00002azmJlQAI,Merge
0032A00002azmZeQAI,Merge
0032A00002azmK5QAI,Merge
0032A00002azoIEQAY,Merge
0032A00002azp62QAA,Merge
0032A00002azpNEQAY,Merge
0032A00002azncdQAA,Merge
0032A00002azpzhQAA,Merge
0032A00002azoLOQAY,Merge
0032A00002azpmkQAA,Merge
0032A00002azpqgQAA,Merge
0032A00002azrbNQAQ,Merge
0032A00002azmRcQAI,Merge
0032A00002azmkjQAA,Merge
0032A00002azmlwQAA,Merge
0032A00002azobCQAQ,Merge
0032A00002aznakQAA,Merge
0032A00002azmSgQAI,Merge
0032A00002azq6SQAQ,Merge
0032A00002azqKSQAY,Merge
0032A00002azoFKQAY,Merge
0032A00002aznjAQAQ,Merge
0032A00002azpSTQAY,Merge
0032A00002azrhvQAA,Merge
0032A00002azoIaQAI,Merge
0032A00002azoIDQAY,Merge
0032A00002azpy5QAA,Merge
0032A00002azmo2QAA,Merge
0032A00002azqCsQAI,Merge
0032A00002azrPyQAI,Merge
0032A00002azrYPQAY,Merge
0032A00002azmcmQAA,Merge
0032A00002azrHOQAY,Merge
0032A00002azogAQAQ,Merge
0032A00002azp8vQAA,Merge
0032A00002azrLHQAY,Merge
0032A00002azo6KQAQ,Merge
0032A00002azo9XQAQ,Merge
0032A00002azqfEQAQ,Merge
0032A00002azqxrQAA,Merge
0032A00002azrEXQAY,Merge
0032A00002azqXxQAI,Merge
0032A00002azrgqQAA,Merge
0032A00002azrXHQAY,Merge
0032A00002azqx9QAA,Merge
0032A00002aznNXQAY,Merge
0032A00002azo3rQAA,Merge
0032A00002azpfWQAQ,Merge
0032A00002azrQ4QAI,Merge
0032A00002azoFhQAI,Merge
0032A00002azoWpQAI,Merge
0032A00002azoW7QAI,Merge
0032A00002azp1zQAA,Merge
0032A00002azqLwQAI,Merge
0032A00002azmm8QAA,Merge
0032A00002azo4cQAA,Merge
0032A00002azrYyQAI,Merge
0032A00002azmS9QAI,Merge
0032A00002azrCoQAI,Merge
0032A00002azo3tQAA,Merge
0032A00002azoh2QAA,Merge
0032A00002azp2UQAQ,Merge
0032A00002azroeQAA,Merge
0032A00002azq1eQAA,Merge
0032A00002aznz1QAA,Merge
0032A00002azmswQAA,Merge
0032A00002azo6zQAA,Merge
0032A00002azqMqQAI,Merge
0032A00002azqnWQAQ,Merge
0032A00002azrRYQAY,Merge
0032A00002azoEzQAI,Merge
0032A00002azqc7QAA,Merge
0032A00002azphrQAA,Merge
0032A00002azmazQAA,Merge
0032A00002azrgFQAQ,Merge
0032A00002azmUmQAI,Merge
0032A00002azp5nQAA,Merge
0032A00002azqXkQAI,Merge
0032A00002azrEaQAI,Merge
0032A00002azqRUQAY,Merge
0032A00002azqc0QAA,Merge
0032A00002azqHZQAY,Merge
0032A00002azmVPQAY,Merge
0032A00002azolKQAQ,Merge
0032A00002azrlhQAA,Merge
0032A00002azoB1QAI,Merge
0032A00002azqZvQAI,Merge
0032A00002aznmjQAA,Merge
0032A00002aznlVQAQ,Merge
0032A00002azqcVQAQ,Merge
0032A00002aznV7QAI,Merge
0032A00002azqGgQAI,Merge
0032A00002azqoYQAQ,Merge
0032A00002azmixQAA,Merge
0032A00002azpBBQAY,Merge
0032A00002azmZKQAY,Merge
0032A00002azmZWQAY,Merge
0032A00002azqRZQAY,Merge
0032A00002azpYwQAI,Merge
0032A00002azpioQAA,Merge
0032A00002azqB3QAI,Merge
0032A00002azp1vQAA,Merge
0032A00002azrdOQAQ,Merge
0032A00002azrTdQAI,Merge
0032A00002azoB8QAI,Merge
0032A00002azmagQAA,Merge
0032A00002aznqdQAA,Merge
0032A00002azn3tQAA,Merge
0032A00002azq6gQAA,Merge
0032A00002azqNOQAY,Merge
0032A00002azmeAQAQ,Merge
0032A00002azodAQAQ,Merge
0032A00002azoxjQAA,Merge
0032A00002aznylQAA,Merge
0032A00002azoE5QAI,Merge
0032A00002azpZiQAI,Merge
0032A00002azqXOQAY,Merge
0032A00002azqb6QAA,Merge
0032A00002azpanQAA,Merge
0032A00002azqvaQAA,Merge
0032A00002azmdAQAQ,Merge
0032A00002azq10QAA,Merge
0032A00002azrbDQAQ,Merge
0032A00002azoVcQAI,Merge
0032A00002azmdmQAA,Merge
0032A00002azp59QAA,Merge
0032A00002azpYLQAY,Merge
0032A00002azqzVQAQ,Merge
0032A00002azr5iQAA,Merge
0032A00002msQOvQAM,Merge
0032A00002azpeZQAQ,Merge
0032A00002aznIDQAY,Merge
0032A00002azq7hQAA,Merge
0032A00002azqLSQAY,Merge
0032A00002aznkEQAQ,Merge
0032A00002azp0oQAA,Merge
0032A00002azr1YQAQ,Merge
0032A00002azqGVQAY,Merge
0032A00002azp0JQAQ,Merge
0032A00002aznUpQAI,Merge
0032A00002azpsGQAQ,Merge
0032A00002azrIAQAY,Merge
0032A00002aznkxQAA,Merge
0032A00002azpmZQAQ,Merge
0032A00002azmbTQAQ,Merge
0032A00002azmr3QAA,Merge
0032A00002azqAJQAY,Merge
0032A00002azmpfQAA,Merge
0032A00002azmyKQAQ,Merge
0032A00002aznhyQAA,Merge
0032A00002azpoOQAQ,Merge
0032A00002azmigQAA,Merge
0032A00002azpzNQAQ,Merge
0032A00002azrNOQAY,Merge
0032A00002azqOaQAI,Merge
0032A00002azqwVQAQ,Merge
0032A00002azrJqQAI,Merge
0032A00002azorMQAQ,Merge
0032A00002azqnlQAA,Merge
0032A00002azqjvQAA,Merge
0032A00002azrReQAI,Merge
0032A00002azr1sQAA,Merge
0032A00002azrm4QAA,Merge
0032A00002aznAFQAY,Merge
0032A00002aznIsQAI,Merge
0032A00002aznfQQAQ,Merge
0032A00002azpKMQAY,Merge
0032A00002azpaTQAQ,Merge
0032A00002azq3TQAQ,Merge
0032A00002aznu7QAA,Merge
0032A00002azrXoQAI,Merge
0032A00002azr0PQAQ,Merge
0032A00002azon4QAA,Merge
0032A00002azoNtQAI,Merge
0032A00002azq1tQAA,Merge
0032A00002azqR0QAI,Merge
0032A00002azrckQAA,Merge
0032A00002azpw5QAA,Merge
0032A00002mwMewQAE,Merge
0032A00002azmpkQAA,Merge
0032A00002azqByQAI,Merge
0032A00002azo7WQAQ,Merge
0032A00002azrZGQAY,Merge
0032A00002azmzIQAQ,Merge
0032A00002azn82QAA,Merge
0032A00002azqsSQAQ,Merge
0032A00002azr4EQAQ,Merge
0032A00002azoHDQAY,Merge
0032A00002azn91QAA,Merge
0032A00002azqi8QAA,Merge
0032A00002aznlGQAQ,Merge
0032A00002azpM3QAI,Merge
0032A00002azprKQAQ,Merge
0032A00002azqkxQAA,Merge
0032A00002azpHwQAI,Merge
0032A00002azq4tQAA,Merge
0032A00002azrKxQAI,Merge
0032A00002azrZwQAI,Merge
0032A00002azpX9QAI,Merge
0032A00002azndBQAQ,Merge
0032A00002azqzKQAQ,Merge
0032A00002azrRnQAI,Merge
0032A00002aznCfQAI,Merge
0032A00002azraaQAA,Merge
0032A00002azrhQQAQ,Merge
0032A00002azqwUQAQ,Merge
0032A00002azoFyQAI,Merge
0032A00002aznp8QAA,Merge
0032A00002azqdvQAA,Merge
0032A00002azrTAQAY,Merge
0032A00002azqptQAA,Merge
0032A00002azqrYQAQ,Merge
0032A00002azmuUQAQ,Merge
0032A00002azrDIQAY,Merge
0032A00002azmukQAA,Merge
0032A00002azqi4QAA,Merge
0032A00002azmumQAA,Merge
0032A00002azq5lQAA,Merge
0032A00002azrKsQAI,Merge
0032A00002eBzvIQAS,Merge
0032A00002azoETQAY,Merge
0032A00002azn4yQAA,Merge
0032A00002azoNNQAY,Merge
0032A00002azoq0QAA,Merge
0032A00002azqn6QAA,Merge
0032A00002azpsXQAQ,Merge
0032A00002azpyEQAQ,Merge
0032A00002azr23QAA,Merge
0032A00002azoYgQAI,Merge
0032A00002azrLxQAI,Merge
0032A00002aznbsQAA,Merge
0032A00002azprSQAQ,Merge
0032A00002azqP3QAI,Merge
0032A00002aznpnQAA,Merge
0032A00002azn0VQAQ,Merge
0032A00002azr9OQAQ,Merge
0032A00002azrUVQAY,Merge
0032A00002azoUyQAI,Merge
0032A00002azpHaQAI,Merge
0032A00002azpvlQAA,Merge
0032A00002azph1QAA,Merge
0032A00002azqYQQAY,Merge
0032A00002azrRZQAY,Merge
0032A00002azokVQAQ,Merge
0032A00002azrKaQAI,Merge
0032A00002azpLzQAI,Merge
0032A00002azpR6QAI,Merge
0032A00002azrkFQAQ,Merge
0032A00002azpDDQAY,Merge
0032A00002azr1uQAA,Merge
0032A00002azoRfQAI,Merge
0032A00002azqWrQAI,Merge
0032A00002azrltQAA,Merge
0032A00002azqKEQAY,Merge
0032A00002azn5tQAA,Merge
0032A00002aznIGQAY,Merge
0032A00002aznOrQAI,Merge
0032A00002azoXqQAI,Merge
0032A00002azqlIQAQ,Merge
0032A00002azqi1QAA,Merge
0032A00002aznz7QAA,Merge
0032A00002azpN0QAI,Merge
0032A00002azpdCQAQ,Merge
0032A00002azqU4QAI,Merge
0032A00002azrNyQAI,Merge
0032A00002azn70QAA,Merge
0032A00002azqR5QAI,Merge
0032A00002aznUSQAY,Merge
0032A00002azn8SQAQ,Merge
0032A00002azrimQAA,Merge
0032A00002azqLkQAI,Merge
0032A00002azqsmQAA,Merge
0032A00002aznd1QAA,Merge
0032A00002azrL0QAI,Merge
0032A00002azoU7QAI,Merge
0032A00002azovuQAA,Merge
0032A00002azpDzQAI,Merge
0032A00002aznc6QAA,Merge
0032A00002azrTqQAI,Merge
0032A00002azrX9QAI,Merge
0032A00002aznFdQAI,Merge
0032A00002azoQ3QAI,Merge
0032A00002aznEjQAI,Merge
0032A00002azq5IQAQ,Merge
0032A00002aznadQAA,Merge
0032A00002azqJDQAY,Merge
0032A00002gb4kzQAA,Merge
0032A00002azqNJQAY,Merge
0032A00002azosyQAA,Merge
0032A00002azplfQAA,Merge
0032A00002azp2XQAQ,Merge
0032A00002azp25QAA,Merge
0032A00002aznJuQAI,Merge
0032A00002azqErQAI,Merge
0032A00002azqGzQAI,Merge
0032A00002azoFLQAY,Merge
0032A00002azqTVQAY,Merge
0032A00002azoB3QAI,Merge
0032A00002azneFQAQ,Merge
0032A00002aznlBQAQ,Merge
0032A00002azrEsQAI,Merge
0032A00002azrNSQAY,Merge
0032A00002azrKHQAY,Merge
0032A00002azrZiQAI,Merge
0032A00002azrEwQAI,Merge
0032A00002azrMvQAI,Merge
0032A00002azoCWQAY,Merge
0032A00002azp8nQAA,Merge
0032A00002azrY6QAI,Merge
0032A00002aznQAQAY,Merge
0032A00002azq52QAA,Merge
0032A00002azre8QAA,Merge
0032A00002aznavQAA,Merge
0032A00002azrZQQAY,Merge
0032A00002aznv0QAA,Merge
0032A00002azqRKQAY,Merge
0032A00002azrGIQAY,Merge
0032A00002azqKYQAY,Merge
0032A00002azo1hQAA,Merge
0032A00002azqrjQAA,Merge
0032A00002azrAqQAI,Merge
0032A00002azrLhQAI,Merge
0032A00002azneCQAQ,Merge
0032A00002azoBqQAI,Merge
0032A00002azoUfQAI,Merge
0032A00002azoHuQAI,Merge
0032A00002azrVxQAI,Merge
0032A00002aznrxQAA,Merge
0032A00002azoQWQAY,Merge
0032A00002azrLLQAY,Merge
0032A00002aznptQAA,Merge
0032A00002azoCpQAI,Merge
0032A00002azoZ1QAI,Merge
0032A00002azqutQAA,Merge
0032A00002azp3IQAQ,Merge
0032A00002azrhKQAQ,Merge
0032A00002aznZ6QAI,Merge
0032A00002azr6pQAA,Merge
0032A00002azqS5QAI,Merge
0032A00002azrQSQAY,Merge
0032A00002cSInBQAW,Merge
0032A00002aznYZQAY,Merge
0032A00002azngqQAA,Merge
0032A00002azpqIQAQ,Merge
0032A00002azqbGQAQ,Merge
0032A00002azr7uQAA,Merge
0032A00002azrIjQAI,Merge
0032A00002azpKlQAI,Merge
0032A00002azrDwQAI,Merge
0032A00002azrPcQAI,Merge
0032A00002azpRqQAI,Merge
0032A00002azp87QAA,Merge
0032A00002azquUQAQ,Merge
0032A00002azrXYQAY,Merge
0032A00002azpW1QAI,Merge
0032A00002azqcMQAQ,Merge
0032A00002azpJwQAI,Merge
0032A00002azonuQAA,Merge
0032A00002azr40QAA,Merge
0032A00002azpjEQAQ,Merge
0032A00002azo5uQAA,Merge
0032A00002azoh9QAA,Merge
0032A00002azopBQAQ,Merge
0032A00002azqxOQAQ,Merge
0032A00002aznsBQAQ,Merge
0032A00002azr1wQAA,Merge
0032A00002azrqHQAQ,Merge
0032A00002azqR9QAI,Merge
0032A00002azoj8QAA,Merge
0032A00002azpj5QAA,Merge
0032A00002azrL8QAI,Merge
0032A00002aznfBQAQ,Merge
0032A00002azng3QAA,Merge
0032A00002azpOqQAI,Merge
0032A00002azoJ6QAI,Merge
0032A00002azq7DQAQ,Merge
0032A00002azoGaQAI,Merge
0032A00002azqYyQAI,Merge
0032A00002azpJJQAY,Merge
0032A00002azniTQAQ,Merge
0032A00002aznqEQAQ,Merge
0032A00002azoGFQAY,Merge
0032A00002azpaaQAA,Merge
0032A00002azqQYQAY,Merge
0032A00002azrBaQAI,Merge
0032A00002azqfvQAA,Merge
0032A00002azqejQAA,Merge
0032A00002azo7XQAQ,Merge
0032A00002azrJMQAY,Merge
0032A00002azolzQAA,Merge
0032A00002azpS6QAI,Merge
0032A00002azq41QAA,Merge
0032A00002azq5zQAA,Merge
0032A00002azq9jQAA,Merge
0032A00002aznkPQAQ,Merge
0032A00002azpkcQAA,Merge
0032A00002azrQlQAI,Merge
0032A00002azrKSQAY,Merge
0032A00002azq4NQAQ,Merge
0032A00002azpPQQAY,Merge
0032A00002azqnaQAA,Merge
0032A00002azoRIQAY,Merge
0032A00002azq9fQAA,Merge
0032A00002azqQHQAY,Merge
0032A00002azpaDQAQ,Merge
0032A00002azqjrQAA,Merge
0032A00002azqgKQAQ,Merge
0032A00002aznzsQAA,Merge
0032A00002azpCGQAY,Merge
0032A00002azrHeQAI,Merge
0032A00002azotlQAA,Merge
0032A00002azpL8QAI,Merge
0032A00002azpREQAY,Merge
0032A00002azrF9QAI,Merge
0032A00002azpoWQAQ,Merge
0032A00002azqDsQAI,Merge
0032A00002azoTjQAI,Merge
0032A00002azp28QAA,Merge
0032A00002azrQgQAI,Merge
0032A00002azrnsQAA,Merge
0032A00002azo7VQAQ,Merge
0032A00002azowpQAA,Merge
0032A00002azo8lQAA,Merge
0032A00002azpQbQAI,Merge
0032A00002azpvWQAQ,Merge
0032A00002azoSyQAI,Merge
0032A00002azpYrQAI,Merge
0032A00002azr2jQAA,Merge
0032A00002azq5yQAA,Merge
0032A00002aznymQAA,Merge
0032A00002azrpIQAQ,Merge
0032A00002azqQ8QAI,Merge
0032A00002azqWtQAI,Merge
0032A00002azrVnQAI,Merge
0032A00002azpRFQAY,Merge
0032A00002azr2OQAQ,Merge
0032A00002aznxGQAQ,Merge
0032A00002azooIQAQ,Merge
0032A00002azpILQAY,Merge
0032A00002azo8pQAA,Merge
0032A00002azo0KQAQ,Merge
0032A00002azoPsQAI,Merge
0032A00002azoWrQAI,Merge
0032A00002azpadQAA,Merge
0032A00002azp9CQAQ,Merge
0032A00002azqIsQAI,Merge
0032A00002azqoZQAQ,Merge
0032A00002azrAIQAY,Merge
0032A00002azre5QAA,Merge
0032A00002azpYdQAI,Merge
0032A00002azqeOQAQ,Merge
0032A00002azo4ZQAQ,Merge
0032A00002azqXPQAY,Merge
0032A00002azrgIQAQ,Merge
0032A00002azop3QAA,Merge
0032A00002azo6YQAQ,Merge
0032A00002azqXgQAI,Merge
0032A00002azojUQAQ,Merge
0032A00002azp5yQAA,Merge
0032A00002azo59QAA,Merge
0032A00002azqYnQAI,Merge
0032A00002azoI5QAI,Merge
0032A00002azqxjQAA,Merge
0032A00002azoCZQAY,Merge
0032A00002azoVzQAI,Merge
0032A00002azrW8QAI,Merge
0032A00002azq3kQAA,Merge
0032A00002azr17QAA,Merge
0032A00002azrC5QAI,Merge
0032A00002azoiuQAA,Merge
0032A00002azq36QAA,Merge
0032A00002azr0iQAA,Merge
0032A00002azrdIQAQ,Merge
0032A00002azoMoQAI,Merge
0032A00002azq8YQAQ,Merge
0032A00002azoIfQAI,Merge
0032A00002azpZIQAY,Merge
0032A00002azqjXQAQ,Merge
0032A00002azozqQAA,Merge
0032A00002azoSdQAI,Merge
0032A00002azohSQAQ,Merge
0032A00002azqXLQAY,Merge
0032A00002azrChQAI,Merge
0032A00002azoxPQAQ,Merge
0032A00002azqZMQAY,Merge
0032A00002azqUQQAY,Merge
0032A00002azpwUQAQ,Merge
0032A00002azoNVQAY,Merge
0032A00002azpwjQAA,Merge
0032A00002azrq8QAA,Merge
0032A00002azqVsQAI,Merge
0032A00002azrS3QAI,Merge
0032A00002azq5tQAA,Merge
0032A00002qKkEfQAK,Merge
0032A00002azrYHQAY,Merge
0032A00002azr0nQAA,Merge
0032A00002azqKAQAY,Merge
0032A00002azqnJQAQ,Merge
0032A00002azocNQAQ,Merge
0032A00002azoZOQAY,Merge
0032A00002azot5QAA,Merge
0032A00002azrNRQAY,Merge
0032A00002azqJXQAY,Merge
0032A00002azp7TQAQ,Merge
0032A00002azqbmQAA,Merge
0032A00002azpPDQAY,Merge
0032A00002azpNYQAY,Merge
0032A00002azp7ZQAQ,Merge
0032A00002azrFvQAI,Merge
0032A00002azrj6QAA,Merge
0032A00002azooKQAQ,Merge
0032A00002azpzYQAQ,Merge
0032A00002azoqBQAQ,Merge
0032A00002azpZYQAY,Merge
0032A00002azokoQAA,Merge
0032A00002azp0vQAA,Merge
0032A00002azpHMQAY,Merge
0032A00002azpVaQAI,Merge
0032A00002azomeQAA,Merge
0032A00002azofjQAA,Merge
0032A00002azqq3QAA,Merge
0032A00002azocCQAQ,Merge
0032A00002mtDLpQAM,Merge
0032A00002azpChQAI,Merge
0032A00002azqAVQAY,Merge
0032A00002azrkTQAQ,Merge
0032A00002azomXQAQ,Merge
0032A00002azpseQAA,Merge
0032A00002azpPiQAI,Merge
0032A00002azqhAQAQ,Merge
0032A00002azqNqQAI,Merge
0032A00002azoiwQAA,Merge
0032A00002azr0qQAA,Merge
0032A00002azqg7QAA,Merge
0032A00002azowLQAQ,Merge
0032A00002azpMgQAI,Merge
0032A00002azrYVQAY,Merge
0032A00002azqRbQAI,Merge
0032A00002azooRQAQ,Merge
0032A00002azpvJQAQ,Merge
0032A00002azpwMQAQ,Merge
0032A00002azqPXQAY,Merge
0032A00002azr9PQAQ,Merge
0032A00002azrSDQAY,Merge
0032A00002azrhWQAQ,Merge
0032A00002azrZ9QAI,Merge
0032A00002azp3hQAA,Merge
0032A00002azopbQAA,Merge
0032A00002azpU6QAI,Merge
0032A00002azq09QAA,Merge
0032A00002azqUAQAY,Merge
0032A00002azrZoQAI,Merge
0032A00002azrehQAA,Merge
0032A00002azoqHQAQ,Merge
0032A00002azpedQAA,Merge
0032A00002azrTtQAI,Merge
0032A00002azosCQAQ,Merge
0032A00002azosfQAA,Merge
0032A00002azpRHQAY,Merge
0032A00002azqzdQAA,Merge
0032A00002azpbZQAQ,Merge
0032A00002azqdjQAA,Merge
0032A00002azqpGQAQ,Merge
0032A00002azpFoQAI,Merge
0032A00002azqOjQAI,Merge
0032A00002azqZVQAY,Merge
0032A00002azrZpQAI,Merge
0032A00002azpY3QAI,Merge
0032A00002azqULQAY,Merge
0032A00002azpDQQAY,Merge
0032A00002azq4sQAA,Merge
0032A00002azqYAQAY,Merge
0032A00002azow2QAA,Merge
0032A00002azqx6QAA,Merge
0032A00002azrjCQAQ,Merge
0032A00002azpHlQAI,Merge
0032A00002azqzIQAQ,Merge
0032A00002azp33QAA,Merge
0032A00002azqWhQAI,Merge
0032A00002azq4FQAQ,Merge
0032A00002azpfjQAA,Merge
0032A00002azqgZQAQ,Merge
0032A00002azpHcQAI,Merge
0032A00002azqg4QAA,Merge
0032A00002azp6tQAA,Merge
0032A00002gJJ9iQAG,Merge
0032A00002azrdfQAA,Merge
0032A00002azqT3QAI,Merge
0032A00002azpLXQAY,Merge
0032A00002azpTnQAI,Merge
0032A00002azqnoQAA,Merge
0032A00002azrqIQAQ,Merge
0032A00002azpgHQAQ,Merge
0032A00002azrFgQAI,Merge
0032A00002azrDeQAI,Merge
0032A00002azpENQAY,Merge
0032A00002azqDXQAY,Merge
0032A00002azqp2QAA,Merge
0032A00002azprsQAA,Merge
0032A00002azrKWQAY,Merge
0032A00002azqEKQAY,Merge
0032A00002azqWpQAI,Merge
0032A00002azqaPQAQ,Merge
0032A00002azqWVQAY,Merge
0032A00002azrmYQAQ,Merge
0032A00002azpveQAA,Merge
0032A00002azr0UQAQ,Merge
0032A00002azr9eQAA,Merge
0032A00002azpJcQAI,Merge
0032A00002azpwGQAQ,Merge
0032A00002azroZQAQ,Merge
0032A00002azrkKQAQ,Merge
0032A00002azqC5QAI,Merge
0032A00002azqMoQAI,Merge
0032A00002azrTfQAI,Merge
0032A00002azqnKQAQ,Merge
0032A00002azrOuQAI,Merge
0032A00002azpQeQAI,Merge
0032A00002azqXIQAY,Merge
0032A00002azrORQAY,Merge
0032A00002azptzQAA,Merge
0032A00002azpx5QAA,Merge
0032A00002azqsbQAA,Merge
0032A00002azpooQAA,Merge
0032A00002azpfCQAQ,Merge
0032A00002azq6eQAA,Merge
0032A00002azqhYQAQ,Merge
0032A00002azqtmQAA,Merge
0032A00002azrL2QAI,Merge
0032A00002kJwJCQA0,Merge
0032A00002azr9TQAQ,Merge
0032A00002azqnwQAA,Merge
0032A00002azrdmQAA,Merge
0032A00002azpZAQAY,Merge
0032A00002azqHzQAI,Merge
0032A00002azqRiQAI,Merge
0032A00002azpxBQAQ,Merge
0032A00002azqNYQAY,Merge
0032A00002azpYnQAI,Merge
0032A00002azqF5QAI,Merge
0032A00002azq9bQAA,Merge
0032A00002eNn0dQAC,Merge
0032A00002efqlWQAQ,Merge
0032A00002azpZxQAI,Merge
0032A00002azqzqQAA,Merge
0032A00002azr1FQAQ,Merge
0032A00002azqiMQAQ,Merge
0032A00002azpzEQAQ,Merge
0032A00002azq1nQAA,Merge
0032A00002azqFGQAY,Merge
0032A00002azrdkQAA,Merge
0032A00002azr9yQAA,Merge
0032A00002azreKQAQ,Merge
0032A00002azpjQQAQ,Merge
0032A00002azqeGQAQ,Merge
0032A00002azreUQAQ,Merge
0032A00002azqZLQAY,Merge
0032A00002azr9nQAA,Merge
0032A00002azqslQAA,Merge
0032A00002azpszQAA,Merge
0032A00002azquHQAQ,Merge
0032A00002azrQFQAY,Merge
0032A00002azr9tQAA,Merge
0032A00002azpq3QAA,Merge
0032A00002azq95QAA,Merge
0032A00002azq9sQAA,Merge
0032A00002azquCQAQ,Merge
0032A00002azrCAQAY,Merge
0032A00002azrCjQAI,Merge
0032A00002azrUxQAI,Merge
0032A00002azrl9QAA,Merge
0032A00002azrkpQAA,Merge
0032A00002azqbNQAQ,Merge
0032A00002azrKfQAI,Merge
0032A00002azrdyQAA,Merge
0032A00002azqWTQAY,Merge
0032A00002azq2SQAQ,Merge
0032A00002azrlDQAQ,Merge
0032A00002azrgxQAA,Merge
0032A00002azrT1QAI,Merge
0032A00002azrhOQAQ,Merge
0032A00002azqnXQAQ,Merge
0032A00002azrB9QAI,Merge
0032A00002azqvtQAA,Merge
0032A00002azqHvQAI,Merge
0032A00002azqCFQAY,Merge
0032A00002azrYAQAY,Merge
0032A00002azqv3QAA,Merge
0032A00002azqICQAY,Merge
0032A00002azqYwQAI,Merge
0032A00002azqy3QAA,Merge
0032A00002azqwKQAQ,Merge
0032A00002azqjTQAQ,Merge
0032A00002azrhcQAA,Merge
0032A00002azr3yQAA,Merge
0032A00002azqciQAA,Merge
0032A00002azrSvQAI,Merge
0032A00002azqq4QAA,Merge
0032A00002azqqKQAQ,Merge
0032A00002azrHsQAI,Merge
0032A00002muvIRQAY,Merge
0032A00002azrCpQAI,Merge
0032A00002azrNpQAI,Merge
0032A00002azrohQAA,Merge
0032A00002azrd0QAA,Merge
0032A00002azrbVQAQ,Merge
0032A00002azroIQAQ,Merge
0032A00002bOgrkQAC,Merge
0032A00002bPdA1QAK,Merge
0032A00002bk6hCQAQ,Merge
0032A00002cJfEGQA0,Merge
0032A00002cJlV3QAK,Merge
0032A00002cJkTlQAK,Merge
0032A00002cRnMqQAK,Merge
0032A00002cVW5UQAW,Merge
0032A00002ey6QzQAI,Merge
0032A00002d5qY1QAI,Merge
0032A00002dDtDDQA0,Merge
0032A00002dEUNuQAO,Merge
0032A00002dTbuAQAS,Merge
0032A00002dUDllQAG,Merge
0032A00002dUDCqQAO,Merge
0032A00002dUDCrQAO,Merge
0032A00002dUDlmQAG,Merge
0032A00002dUDCtQAO,Merge
0032A00002dUDCzQAO,Merge
0032A00002eBTtrQAG,Merge
0032A00002eB1jRQAS,Merge
0032A00002eA0XPQA0,Merge
0032A00002ezLCgQAM,Merge
0032A00002ezL1mQAE,Merge
0032A00002ezLD0QAM,Merge
0032A00002ezLONQA2,Merge
0032A00002fWHT5QAO,Merge
0032A00002fWHVBQA4,Merge
0032A00002fWHOoQAO,Merge
0032A00002gaU9VQAU,Merge
0032A00002ipDiqQAE,Merge
0032A00002qKcKEQA0,Merge
0032A00002h992LQAQ,Merge
0032A00002hxjXYQAY,Merge
0032A00002hPsJPQA0,Merge
0032A00002kJxl8QAC,Merge
0032A00002kJxlSQAS,Merge
0032A00002kK2TOQA0,Merge
003F000001KFcaHIAT,Review
003F000001dKBegIAG,Review
003F000001euxEoIAI,Review
003F000001euxEqIAI,Review
003F000001eux8OIAQ,Review
0032A00002dlxTEQAY,Review
003F000001qT2zRIAS,Review
003F000001q8VVmIAM,Review
003F000001qPqm9IAC,Review
003F000001sSyBTIA0,Review
0032A00002azpTaQAI,Review
003F000001xc2ECIAY,Review
0032A00002az3wGQAQ,Review
003F000002Gj2PgIAJ,Review
0032A00002TbydZQAR,Review
0032A00002az40CQAQ,Review
0032A00002PWKPwQAP,Review
0032A00002TrWWnQAN,Review
0032A00002ZpVfgQAF,Review
0032A00002S4p4vQAB,Review
0032A00002XDv5VQAT,Review
0032A00002U5xfbQAB,Review
0032A00002XNpkPQAT,Review
0032A00002fAPEHQA4,Review
0032A00002YBDOxQAP,Review
0032A00002az2LEQAY,Review
0032A00002dlxSuQAI,Review
0032A00002ZbgdZQAR,Review
0032A00002dlxTuQAI,Review
0032A00002ZXtnCQAT,Review
0032A00002a2e0wQAA,Review
0032A00002az3hcQAA,Review
0032A00002aOHz9QAG,Review
0032A00002aOHz3QAG,Review
0032A00002ayeFaQAI,Review
0032A00002aOI0xQAG,Review
0032A00002aOI0uQAG,Review
0032A00002aOI0ZQAW,Review
0032A00002aOI0YQAW,Review
0032A00002aOI0AQAW,Review
0032A00002aOI08QAG,Review
0032A00002aygHnQAI,Review
0032A00002aOI3SQAW,Review
0032A00002aOI51QAG,Review
0032A00002ayeFZQAY,Review
0032A00002aOIB4QAO,Review
0032A00002aOI48QAG,Review
0032A00002aOI5jQAG,Review
0032A00002aOI5aQAG,Review
0032A00002b6heeQAA,Review
0032A00002gHRYZQA4,Review
0032A00002ayeEyQAI,Review
0032A00002ayeGCQAY,Review
0032A00002aygXgQAI,Review
0032A00002aygAFQAY,Review
0032A00002aygA6QAI,Review
0032A00002ayg9pQAA,Review
0032A00002ayg9kQAA,Review
0032A00002ayg9cQAA,Review
0032A00002ayg9bQAA,Review
0032A00002ayg9aQAA,Review
0032A00002ayg9XQAQ,Review
0032A00002aygDDQAY,Review
0032A00002aygGdQAI,Review
0032A00002dUDmEQAW,Review
0032A00002fXKx9QAG,Review
0032A00002azpXLQAY,Review
0032A00002iqA4VQAU,Review
0032A00002ipu9TQAQ,Review
0032A00002b6hXrQAI,Review
0032A00002b6hY6QAI,Review
0032A00002b6hYDQAY,Review
0032A00002b6hWsQAI,Review
0032A00002b6hadQAA,Review
0032A00002b6he1QAA,Review
0032A00002b6hhgQAA,Review
0032A00002b6hecQAA,Review
0032A00002b6hedQAA,Review
0032A00002b6hetQAA,Review
0032A00002b6hfgQAA,Review
0032A00002b6hfsQAA,Review
0032A00002b6hfuQAA,Review
0032A00002b6hfvQAA,Review
0032A00002b6hg2QAA,Review
0032A00002bPIlgQAG,Review
0032A00002bjcrmQAA,Review
0032A00002ezL6DQAU,Review
0032A00002ezLGrQAM,Review
0032A00002ezLJzQAM,Review
0032A00002ezLJ7QAM,Review